Date;Bid;Ask;Opening price;High price;Low price;Closing price;Average price;Total volume;Turnover;Trades;
2022-04-07;10,30;10,50;10,40;10,50;10,30;10,50;10,378;1506;15628,75;16;
2022-04-06;10,35;10,40;10,45;10,65;10,30;10,35;10,427;1652;17225,3;21;
2022-04-05;10,45;10,65;10,50;10,65;10,30;10,45;10,44;2681;27988,55;16;
2022-04-04;10,45;10,75;10,70;10,75;10,40;10,50;10,628;7466;79348,5;24;
2022-04-01;10,60;10,70;10,50;10,70;10,50;10,70;10,606;564;5981,6;8;
2022-03-31;10,50;10,55;10,60;10,60;10,20;10,50;10,493;1608;16873,35;13;
2022-03-30;10,35;10,70;11,00;11,00;10,30;10,60;10,41;2596;27024,25;21;
2022-03-29;10,55;10,65;10,80;10,80;10,30;10,60;10,561;5496;58044,45;26;
2022-03-28;10,80;10,85;10,35;10,95;10,35;10,80;10,75;9613;103340,95;34;
2022-03-25;10,45;10,70;10,40;10,85;10,25;10,35;10,731;5304;56914,4;24;
2022-03-24;10,05;10,40;10,30;10,45;10,00;10,30;10,257;9816;100686,15;37;
2022-03-23;10,30;10,90;10,55;10,55;10,25;10,50;10,353;5877;60845,6;33;
2022-03-22;10,50;10,55;10,95;10,95;10,50;10,55;10,711;5667;60696,65;24;
2022-03-21;10,50;10,75;10,75;10,75;10,35;10,50;10,476;1741;18238,3;24;
2022-03-18;10,30;10,80;10,65;10,95;10,30;10,85;10,585;2125;22493,2;13;
2022-03-17;10,30;10,70;10,50;11,00;10,30;10,30;10,702;3747;40099,65;37;
2022-03-16;10,45;10,50;11,00;11,00;10,45;10,50;10,519;6022;63342,2;25;
2022-03-15;10,25;10,45;10,70;10,95;10,20;10,45;10,394;203;2109,95;14;
2022-03-14;10,70;11,00;10,60;11,15;10,60;10,70;10,748;585;6287,7;10;
2022-03-11;10,60;10,70;10,60;10,70;10,60;10,60;10,623;920;9772,8;14;
2022-03-10;10,70;11,00;10,50;11,20;10,50;10,70;10,787;3135;33816,05;30;
2022-03-09;10,50;10,80;10,35;10,80;10,35;10,50;10,529;3952;41610,6;24;
2022-03-08;10,10;10,85;11,00;11,00;10,00;10,10;10,418;20485;213416,2;55;
2022-03-07;10,50;11,25;10,80;11,25;10,10;11,25;10,727;10319;110686,95;33;
2022-03-04;10,80;11,00;10,85;11,20;10,55;10,80;10,792;5671;61199,45;25;
2022-03-03;10,80;11,05;11,15;11,25;10,65;10,85;11,018;2938;32370,5;18;
2022-03-02;11,00;11,20;11,05;11,20;10,15;11,20;10,979;1076;11813,15;25;
2022-03-01;10,70;11,05;11,15;11,15;10,45;11,05;10,885;7766;84529,35;31;
2022-02-28;11,00;11,15;10,65;11,30;10,65;11,15;10,999;4131;45435,35;38;
2022-02-25;10,65;10,70;10,20;10,90;10,20;10,65;10,536;12299;129577,05;49;
2022-02-24;10,15;10,20;10,00;10,65;9,84;10,20;9,993;21344;213294,92;82;
2022-02-23;10,55;11,00;10,40;11,35;10,40;10,70;10,627;6530;69395,65;54;
2022-02-22;10,20;10,45;10,70;10,70;10,15;10,45;10,328;35574;367409,35;99;
2022-02-21;10,90;11,00;12,40;12,40;10,80;10,95;11,059;15480;171195,2;86;
2022-02-18;11,25;11,60;11,25;11,75;11,25;11,45;11,431;14527;166059,85;64;
2022-02-17;11,30;11,75;12,30;12,60;11,25;11,25;11,876;21709;257807,35;108;
2022-02-16;12,10;12,30;11,85;12,85;11,85;12,20;12,262;27921;342358,95;94;
2022-02-15;11,75;11,85;10,80;13,00;10,80;11,85;11,738;73789;866150,2;253;
2022-02-14;13,10;13,15;13,85;13,85;12,60;13,00;13,024;63062;821302,65;144;
2022-02-11;13,85;14,00;14,00;14,15;13,25;14,00;13,895;11306;157097,65;79;
2022-02-10;14,30;14,35;14,80;15,45;13,70;14,30;14,583;29165;425306;142;
2022-02-09;14,75;15,10;14,75;15,35;13,95;14,80;14,412;36922;532118,7;239;
2022-02-08;14,80;15,00;16,05;17,50;14,65;14,90;16,344;145101;2371480,4;655;
2022-02-07;15,75;16,20;13,35;16,60;13,35;15,90;15,196;143382;2178823,45;488;
2022-02-04;13,30;13,35;12,80;13,40;12,25;13,35;13,094;43628;571272,6;215;
2022-02-03;12,05;12,25;11,90;12,70;11,75;12,20;12,188;47871;583458,05;127;
2022-02-02;11,55;11,80;11,20;12,00;11,20;11,80;11,868;5345;63431,6;53;
2022-02-01;11,20;11,50;11,50;11,90;11,20;11,20;11,507;3317;38167,15;21;
2022-01-31;11,35;11,40;10,95;11,40;10,95;11,35;11,318;5763;65223,75;44;
2022-01-28;10,95;11,05;11,40;11,40;10,60;10,95;10,789;15941;171982,9;50;
2022-01-27;11,00;11,10;11,45;12,45;10,85;11,05;11,42;31456;359231,75;102;
2022-01-26;11,00;11,45;10,80;11,50;10,80;11,40;11,232;15896;178547,95;43;
2022-01-25;11,00;11,20;11,20;11,20;10,75;11,15;10,977;6643;72918,05;59;
2022-01-24;10,80;11,25;11,00;11,60;10,50;11,20;10,802;7260;78423,05;33;
2022-01-21;10,95;11,30;11,15;11,45;10,70;11,00;10,927;3956;43228,5;24;
2022-01-20;11,05;11,40;11,20;11,50;11,20;11,25;11,393;2721;31001,5;20;
2022-01-19;11,10;11,25;10,50;11,50;10,45;11,20;10,931;5156;56360,35;42;
2022-01-18;11,45;11,75;11,20;11,50;11,20;11,50;11,385;7234;82360,3;19;
2022-01-17;11,50;11,70;11,75;11,95;11,40;11,50;11,626;4449;51725,5;27;
2022-01-14;11,60;11,75;11,80;11,80;11,30;11,75;11,587;3028;35084,5;27;
2022-01-13;11,45;11,90;11,90;12,20;11,40;11,90;11,722;2180;25554,6;18;
2022-01-12;11,90;12,05;12,10;12,35;11,80;11,90;12,061;7131;86003,85;34;
2022-01-11;11,80;12,10;11,50;12,25;11,00;12,10;11,437;8674;99200,95;45;
2022-01-10;11,70;11,90;12,10;12,35;11,15;11,70;11,576;12163;140793,7;81;
2022-01-07;12,10;12,25;12,35;12,35;11,80;12,10;12,081;4524;54652,95;49;
2022-01-05;12,00;12,35;12,20;12,35;12,00;12,35;12,263;6272;76912,2;29;
2022-01-04;12,15;12,20;12,30;12,30;12,00;12,20;12,177;1456;17729,55;35;
2022-01-03;11,95;12,30;11,80;12,40;11,25;12,30;11,955;16968;202853,7;67;
2021-12-30;11,55;11,80;11,55;11,85;11,55;11,80;11,793;24420;287987,25;48;
2021-12-29;11,50;11,65;11,50;11,90;11,40;11,55;11,613;6036;70097,4;51;
2021-12-28;11,35;11,50;11,60;11,60;11,30;11,50;11,479;6302;72342,55;37;
2021-12-27;11,25;11,60;11,45;11,55;11,00;11,55;11,345;25623;290699,65;87;
2021-12-23;11,35;11,45;11,15;11,50;11,00;11,45;11,205;8780;98381,25;25;
2021-12-22;10,95;11,00;10,95;11,00;10,85;11,00;10,976;5465;59983,1;19;
2021-12-21;10,90;11,15;10,85;11,05;10,85;10,95;10,987;4858;53376,75;21;
2021-12-20;10,90;11,00;11,00;11,00;10,75;10,85;10,832;5050;54703;20;
2021-12-17;10,95;11,00;11,00;11,00;10,80;11,00;10,955;9754;106856,75;23;
2021-12-16;11,00;11,05;10,90;11,15;10,75;11,00;10,928;9425;102997,6;41;
2021-12-15;10,90;10,95;10,95;11,15;10,90;10,90;10,996;2322;25531,65;30;
2021-12-14;10,90;11,10;12,00;12,00;10,50;10,95;10,974;44041;483289,3;94;
2021-12-13;11,20;11,40;12,00;12,10;11,00;11,20;11,53;25026;288554,8;82;
2021-12-10;12,00;12,20;12,30;12,30;11,95;12,00;12,096;9260;112005,9;38;
2021-12-09;12,30;12,45;12,75;12,75;12,20;12,30;12,316;5494;67664,75;26;
2021-12-08;12,40;12,50;12,20;12,70;12,20;12,50;12,447;1800;22404,15;24;
2021-12-07;12,20;12,40;12,50;12,75;12,20;12,40;12,382;10164;125850,4;48;
2021-12-06;12,60;12,75;13,00;13,00;12,60;12,75;12,804;2916;37336,3;17;
2021-12-03;12,40;13,05;13,50;13,50;12,40;13,00;12,774;18162;232001,65;49;
2021-12-02;13,00;13,30;13,00;13,00;12,95;13,00;12,969;1438;18649,35;14;
2021-12-01;12,50;12,70;13,00;13,00;12,35;13,00;12,876;7432;95692,8;32;
2021-11-30;12,55;12,85;13,00;13,00;12,55;13,00;12,82;16160;207166,75;59;
2021-11-29;12,90;13,00;12,85;13,40;12,85;12,90;13,058;5989;78204,2;36;
2021-11-26;12,60;12,65;13,50;13,65;12,55;12,80;13,042;42246;550960,35;86;
2021-11-25;13,65;13,90;13,30;14,05;13,30;13,90;13,645;3272;44646,5;27;
2021-11-24;13,35;14,05;13,95;14,10;13,75;13,75;13,925;11092;154454,3;28;
2021-11-23;13,85;13,95;14,05;14,10;13,80;13,95;13,936;4307;60023,5;25;
2021-11-22;13,80;14,10;13,75;14,05;13,65;14,05;13,918;2489;34641,95;21;
2021-11-19;13,70;13,75;13,80;14,00;13,55;13,75;13,722;4973;68239,6;24;
2021-11-18;13,75;14,10;14,00;14,10;13,55;13,80;13,836;7871;108902,2;38;
2021-11-17;13,90;14,00;13,60;14,00;13,45;14,00;13,72;8130;111542,4;40;
2021-11-16;13,55;13,75;13,05;13,80;13,05;13,60;13,647;586147;7999110,8;37;
2021-11-15;13,50;13,75;13,30;13,90;13,10;13,75;13,50;17356;234309,8;51;
2021-11-12;13,30;13,60;12,90;14,25;12,65;13,30;13,191;36236;477983,15;82;
2021-11-11;12,80;13,05;12,95;13,20;12,80;12,90;12,983;7691;99855,55;20;
2021-11-10;12,80;12,95;12,75;12,95;12,55;12,95;12,84;4600;59064,9;27;
2021-11-09;12,75;12,80;12,95;13,00;12,65;12,80;12,894;84466;1089105,2;56;
2021-11-08;13,00;13,25;13,20;13,50;12,75;13,25;13,218;28860;381479,45;46;
2021-11-05;12,90;13,10;13,40;13,40;12,75;13,10;13,167;8395;110533,6;25;
2021-11-04;13,15;13,45;13,05;13,60;12,85;13,40;13,02;20196;262946,45;49;
2021-11-03;12,90;13,15;13,10;13,50;12,90;13,05;13,085;114211;1494408,3;76;
2021-11-02;13,45;13,60;13,20;13,65;13,00;13,55;13,384;21880;292848,4;59;
2021-11-01;13,05;13,20;13,25;13,25;12,90;13,20;13,05;8765;114381,95;32;
2021-10-29;13,05;13,25;12,90;13,30;12,70;13,25;13,008;9262;120477,5;36;
2021-10-28;12,90;13,15;12,85;13,40;12,70;12,90;12,922;8684;112218,25;25;
2021-10-27;12,90;13,00;12,95;13,15;12,70;12,95;12,968;34826;451619,65;40;
2021-10-26;13,05;13,15;13,40;13,90;12,85;13,10;13,228;20565;272032;64;
2021-10-25;13,20;13,25;13,50;13,50;12,75;13,25;12,937;14148;183029,3;50;
2021-10-22;13,00;13,45;13,20;13,95;13,00;13,45;13,195;18674;246404,15;35;
2021-10-21;13,20;13,60;13,65;13,65;13,20;13,20;13,325;3456;46052,5;24;
2021-10-20;13,45;13,65;13,55;13,75;13,00;13,65;13,274;7661;101693,25;40;
2021-10-19;13,50;13,55;13,70;13,70;13,50;13,55;13,552;4232;57349,95;11;
2021-10-18;13,50;13,65;13,50;13,95;13,20;13,50;13,721;9635;132196,8;34;
2021-10-15;13,20;13,50;13,30;13,90;13,20;13,50;13,599;19200;261094,8;36;
2021-10-14;13,05;13,30;13,05;13,30;13,05;13,30;13,116;2702;35438,2;14;
2021-10-13;13,00;13,30;13,20;13,30;12,80;13,05;13,04;7158;93342,55;32;
2021-10-12;13,20;13,45;13,05;13,20;13,05;13,20;13,188;1474;19439,55;9;
2021-10-11;13,05;13,35;13,45;13,45;12,80;13,05;12,999;5438;70685,95;23;
2021-10-08;13,30;13,45;13,05;13,50;13,05;13,30;13,401;6632;88876,75;19;
2021-10-07;13,05;13,15;13,30;13,30;12,85;13,05;12,944;9977;129141,15;33;
2021-10-06;13,30;13,45;13,20;13,45;13,20;13,30;13,289;9284;123372,75;24;
2021-10-05;13,00;13,30;13,35;13,35;12,90;13,20;13,111;1079;14146,3;23;
2021-10-04;13,15;13,35;12,85;13,50;12,85;13,35;13,241;8783;116297,5;51;
2021-10-01;12,85;13,10;12,95;13,30;12,60;12,85;12,779;4693;59971,55;27;
2021-09-30;12,95;13,25;13,30;13,30;12,55;12,95;12,878;18490;238113,65;58;
2021-09-29;13,20;13,30;12,55;13,30;12,00;13,30;12,554;35239;442393,6;105;
2021-09-28;12,40;12,60;12,70;13,30;12,40;12,55;12,732;31556;401776,75;80;
2021-09-27;12,50;12,75;13,20;13,50;12,40;12,75;12,815;50606;648521,35;138;
2021-09-24;13,05;13,20;13,50;14,00;13,00;13,15;13,448;6188;83218,1;55;
2021-09-23;13,20;13,50;13,10;14,50;12,90;13,20;13,149;38179;502007,5;70;
2021-09-22;12,90;13,10;13,50;13,60;12,85;13,10;13,07;24459;319681,6;76;
2021-09-21;13,50;13,55;13,00;13,95;13,00;13,50;13,746;7560;103922,8;47;
2021-09-20;13,10;13,25;13,35;13,55;13,00;13,25;13,232;4251;56247,8;34;
2021-09-17;13,35;13,40;13,90;13,90;13,20;13,35;13,395;12125;162408,1;65;
2021-09-16;13,70;13,90;13,50;13,90;13,35;13,90;13,686;2486;34023,05;24;
2021-09-15;13,45;13,50;13,65;14,50;13,45;13,50;13,811;27646;381805,9;122;
2021-09-14;13,40;13,65;14,25;14,25;13,35;13,35;13,646;34972;477231,9;98;
2021-09-13;14,25;14,35;14,95;14,95;14,25;14,35;14,334;23127;331509,7;61;
2021-09-10;14,80;14,95;15,75;15,90;14,80;14,95;15,08;11663;175872,4;49;
2021-09-09;15,75;15,85;16,00;16,05;15,30;15,75;15,822;16018;253440,5;63;
2021-09-08;15,90;16,00;14,85;16,45;14,80;16,00;15,889;72447;1151108,95;257;
2021-09-07;14,35;14,80;13,75;14,90;13,75;14,80;14,235;39624;564042,75;74;
2021-09-06;13,80;14,00;13,90;14,50;13,70;13,75;13,856;21433;296979,7;54;
2021-09-03;13,65;13,90;14,40;14,65;13,60;13,90;13,973;27809;388566;106;
2021-09-02;13,90;14,00;14,65;15,00;13,90;14,00;14,272;1190466;16854063,95;113;
2021-09-01;14,50;14,65;14,60;14,90;14,15;14,65;14,534;454044;6648846,25;56;
2021-08-31;14,60;15,15;14,30;14,75;13,80;14,60;14,252;2318054;33598160,4;101;
2021-08-30;13,95;14,30;13,95;14,40;13,80;14,30;13,99;29121;407395,7;60;
2021-08-27;13,95;14,00;13,90;14,00;13,75;14,00;13,90;12244;170196,25;57;
2021-08-26;13,70;13,90;13,95;13,95;13,55;13,85;13,723;15029;206236,6;78;
2021-08-25;13,60;13,85;14,25;14,50;13,50;13,55;13,909;31604;439585,3;103;
2021-08-24;13,80;14,25;15,45;15,45;13,60;14,25;14,083;54799;771756,5;115;
2021-08-23;14,80;15,10;15,50;15,75;14,80;14,80;15,375;6051;93033,3;43;
2021-08-20;14,80;14,85;15,20;15,20;14,80;14,85;14,863;4312;64088,45;21;
2021-08-19;15,00;15,20;15,30;15,30;14,95;15,20;15,215;3234;49203,55;23;
2021-08-18;14,95;15,35;15,00;15,35;14,85;15,30;15,089;3641;54940,5;22;
2021-08-17;14,80;15,00;15,00;15,30;14,75;15,00;14,937;8498;126931,25;52;
2021-08-16;15,25;15,50;15,45;15,50;15,15;15,35;15,432;2925;45138;22;
2021-08-13;15,15;15,50;15,65;15,75;15,10;15,45;15,353;7670;117758,25;58;
2021-08-12;15,75;15,85;16,10;16,80;15,60;15,75;15,828;7573;119867,55;48;
2021-08-11;15,65;16,10;16,10;16,10;15,60;16,10;15,662;13882;217415,55;39;
2021-08-10;16,05;16,10;16,00;16,20;15,80;16,10;16,062;1739;27930,9;19;
2021-08-09;15,80;16,00;15,70;16,05;15,50;16,00;15,921;5957;94841,05;30;
2021-08-06;15,70;15,95;16,00;16,15;15,70;15,70;15,865;3140;49817,35;25;
2021-08-05;15,80;15,90;16,05;16,40;15,70;15,95;16,044;5715;91690,2;33;
2021-08-04;16,00;16,05;16,15;16,20;16,00;16,05;16,054;10512;168754,95;47;
2021-08-03;16,05;16,15;16,50;16,50;16,00;16,15;16,217;3176;51504,6;40;
2021-08-02;16,65;16,75;16,65;17,00;16,65;16,65;16,845;9276;156251,3;31;
2021-07-30;16,65;16,80;16,65;16,85;16,65;16,65;16,704;5334;89101,45;27;
2021-07-29;16,40;16,70;16,80;16,80;16,40;16,65;16,485;9655;159162,4;61;
2021-07-28;16,50;16,80;16,15;17,25;16,15;16,80;16,77;25078;420553,6;94;
2021-07-27;16,15;16,50;16,05;16,85;16,05;16,15;16,257;3141;51063,9;34;
2021-07-26;16,05;16,35;16,10;17,10;16,00;16,05;16,289;3920;63853,2;41;
2021-07-23;16,05;16,10;16,15;16,85;16,00;16,10;16,487;7360;121340,3;64;
2021-07-22;16,10;16,15;16,65;16,75;15,40;16,15;16,288;21144;344394,1;77;
2021-07-21;16,20;16,65;15,90;16,90;15,90;16,65;16,341;9573;156429,55;32;
2021-07-20;15,65;15,75;16,15;16,15;15,35;15,75;15,739;6863;108015,75;53;
2021-07-19;15,40;16,15;16,45;16,75;16,10;16,15;16,461;1027;16905,25;24;
2021-07-16;16,10;16,45;16,65;16,90;16,20;16,45;16,65;2635;43872,5;30;
2021-07-15;16,50;16,70;16,55;16,95;16,50;16,65;16,583;35015;580634,85;49;
2021-07-14;16,55;16,95;16,50;16,55;16,10;16,55;16,37;8301;135884,45;37;
2021-07-13;16,50;16,75;16,40;16,50;16,25;16,50;16,474;6922;114034;21;
2021-07-12;16,35;16,50;16,35;16,95;16,35;16,40;16,606;2674;44404,9;18;
2021-07-09;16,25;16,35;16,45;17,25;16,05;16,35;16,406;12156;199426,6;38;
2021-07-08;16,15;16,45;16,35;16,45;16,15;16,45;16,311;6101;99515,85;22;
2021-07-07;16,30;16,35;16,25;16,35;16,15;16,35;16,321;27794;453624,65;67;
2021-07-06;16,40;16,50;16,80;16,80;16,30;16,50;16,505;9840;162411,45;52;
2021-07-05;16,65;17,00;16,60;16,80;16,45;16,80;16,71;3171;52988,1;32;
2021-07-02;16,50;16,70;16,75;17,20;16,50;16,65;16,841;12459;209825,25;34;
2021-07-01;16,55;16,70;17,30;17,30;16,45;16,70;16,66;3352;55845,35;30;
2021-06-30;16,50;16,80;17,00;17,35;16,40;16,65;17,008;2244;38166,7;30;
2021-06-29;16,50;16,80;16,65;17,00;16,35;16,75;16,804;4389;73752,3;35;
2021-06-28;16,45;16,90;16,65;17,10;16,65;16,65;16,812;4440;74644,45;39;
2021-06-24;16,45;16,65;16,85;16,85;16,25;16,65;16,639;7542;125492,35;52;
2021-06-23;16,70;16,90;16,90;17,60;16,85;16,85;16,945;3008;50971,35;25;
2021-06-22;16,60;16,85;17,10;17,30;16,30;16,60;16,627;20927;347956,85;61;
2021-06-21;17,15;17,20;17,95;18,00;17,10;17,20;17,278;11270;194719,6;37;
2021-06-18;17,25;17,75;17,60;18,00;17,30;17,70;17,686;5320;94088,05;25;
2021-06-17;17,50;17,90;17,70;18,00;17,55;17,55;17,707;4284;75855,15;23;
2021-06-16;17,65;17,90;17,90;18,10;17,65;17,65;17,823;2003;35699,8;22;
2021-06-15;17,70;17,90;17,95;18,10;17,65;17,90;17,836;5211;92942,85;32;
2021-06-14;17,80;17,95;17,80;18,25;17,45;17,95;17,878;21482;384052,15;44;
2021-06-11;17,85;18,00;17,95;18,20;17,65;17,95;17,997;10446;188000,75;30;
2021-06-10;17,95;18,15;17,75;18,45;17,75;17,95;18,155;10382;188483,4;46;
2021-06-09;18,05;18,15;18,70;18,95;18,00;18,10;18,188;8505;154692,55;64;
2021-06-08;18,40;18,70;18,50;18,90;18,40;18,70;18,61;8342;155240,3;46;
2021-06-07;18,40;18,60;18,40;18,80;18,30;18,50;18,517;7865;145638,85;42;
2021-06-04;18,45;18,65;18,90;20,00;18,10;18,45;18,854;20155;380005,2;84;
2021-06-03;18,30;18,90;18,80;19,35;18,50;18,90;19,049;8984;171139,7;45;
2021-06-02;18,55;18,80;18,80;19,90;18,80;18,80;19,166;17460;334642;82;
2021-06-01;18,60;18,80;18,90;19,05;18,15;18,80;18,648;42025;783681,85;81;
2021-05-31;18,20;18,95;18,35;19,00;17,90;18,95;18,429;27425;505417,75;60;
2021-05-28;17,90;18,55;18,30;18,60;17,80;18,35;18,034;12876;232205,2;70;
2021-05-27;17,95;18,30;18,40;18,45;17,95;18,25;18,156;7304;132612,65;47;
2021-05-26;18,10;18,50;18,50;18,50;18,30;18,40;18,354;2924;53668,3;25;
2021-05-25;18,50;18,90;18,75;18,95;18,45;18,80;18,633;2515;46863,05;38;
2021-05-24;18,10;18,70;18,35;19,00;18,35;18,70;18,765;14457;271286,6;42;
2021-05-21;18,35;18,45;18,30;18,60;18,00;18,35;18,413;6532;120272,95;36;
2021-05-20;18,25;18,55;18,60;18,60;18,00;18,30;18,365;7613;139810;37;
2021-05-19;18,20;18,80;18,80;19,00;18,00;18,60;18,315;2078;38058,8;35;
2021-05-18;18,35;18,80;17,90;18,95;17,90;18,80;18,678;15729;293789,9;53;
2021-05-17;17,60;17,95;18,00;18,00;17,55;17,90;17,78;8680;154328,7;37;
2021-05-14;18,00;18,15;18,75;18,75;17,95;18,15;18,063;8808;159095,15;39;
2021-05-12;17,55;18,00;18,60;18,60;17,95;17,95;18,165;8516;154689,65;34;
2021-05-11;18,15;18,65;18,95;18,95;18,10;18,60;18,471;17620;325451,85;57;
2021-05-10;18,30;18,85;17,95;18,95;17,95;18,95;18,584;18467;343195,95;77;
2021-05-07;18,00;18,45;18,25;18,50;17,60;17,95;18,173;16654;302646,65;55;
2021-05-06;18,20;18,45;18,00;18,45;17,50;18,25;17,921;32563;583556,65;76;
2021-05-05;18,45;18,75;18,35;18,75;18,00;18,75;18,216;6132;111699,35;38;
2021-05-04;18,25;18,45;19,00;19,00;18,05;18,45;18,718;20177;377672,95;72;
2021-05-03;18,70;19,00;18,75;19,00;18,35;19,00;18,743;24271;454899,6;99;
2021-04-30;18,35;18,40;18,25;18,70;18,15;18,35;18,475;6320;116762,1;60;
2021-04-29;18,00;18,10;16,80;18,40;16,80;18,10;17,727;27579;488881,25;131;
2021-04-28;17,10;17,15;17,25;17,45;17,00;17,10;17,072;8748;149347,45;41;
2021-04-27;17,20;17,25;17,35;17,50;17,20;17,25;17,328;18960;328541,4;47;
2021-04-26;17,25;17,35;17,10;17,75;17,05;17,25;17,381;14068;244511,25;60;
2021-04-23;17,05;17,15;17,25;17,25;17,00;17,15;17,208;1035;17810,35;14;
2021-04-22;17,00;17,25;17,10;17,40;17,00;17,25;17,147;3273;56122,25;26;
2021-04-21;17,10;17,30;17,10;17,50;17,05;17,10;17,224;6917;119139,35;28;
2021-04-20;17,05;17,10;17,05;17,15;17,00;17,05;17,055;10776;183779,45;22;
2021-04-19;17,05;17,15;17,20;17,20;16,70;17,05;17,008;5703;96995,5;41;
2021-04-16;16,80;17,00;16,65;17,20;16,40;17,20;16,783;41744;700577,45;89;
2021-04-15;16,60;16,65;16,95;17,05;16,65;16,65;16,843;5299;89252,25;35;
2021-04-14;16,65;16,80;16,70;16,95;16,50;16,80;16,624;10549;175363,85;45;
2021-04-13;16,70;16,90;16,80;17,25;16,70;16,70;16,974;23227;394251,9;75;
2021-04-12;16,75;17,20;17,35;17,35;16,50;16,70;16,887;47565;803224,4;106;
2021-04-09;16,90;17,35;17,40;17,70;16,90;17,35;17,22;19457;335054,3;62;
2021-04-08;17,15;17,35;17,75;17,75;16,85;17,30;17,228;29238;503697,3;85;
2021-04-07;17,45;17,80;17,45;17,95;17,45;17,55;17,593;3678;64708,1;38;
2021-04-06;17,45;17,75;17,45;18,25;17,45;17,45;17,763;35924;638099,95;71;
2021-04-01;17,30;17,40;17,65;18,00;17,20;17,40;17,615;9571;168593,55;35;
2021-03-31;17,60;17,65;17,50;18,00;17,05;17,65;17,623;21810;384355,1;53;
2021-03-30;17,15;17,80;17,95;18,45;16,85;17,75;17,634;20946;369370,7;78;
2021-03-29;17,80;17,90;18,00;18,00;17,50;17,80;17,702;6275;111081,8;41;
2021-03-26;18,00;18,10;18,30;18,50;18,00;18,10;18,243;10562;192681,45;53;
2021-03-25;18,00;18,15;17,55;18,30;17,40;18,30;17,824;26453;471485;59;
2021-03-24;17,20;17,55;17,95;17,95;17,00;17,60;17,299;8673;150035,85;48;
2021-03-23;17,50;17,80;17,80;17,80;17,20;17,50;17,654;25410;448591,3;40;
2021-03-22;17,70;17,80;18,00;18,00;17,40;17,80;17,785;8978;159675,3;55;
2021-03-19;18,00;18,25;18,00;18,30;17,75;18,30;17,967;3835;68902,7;28;
2021-03-18;18,00;18,30;18,30;18,40;17,70;18,25;18,044;7108;128257,3;57;
2021-03-17;17,85;18,30;18,15;18,30;17,35;18,30;18,054;18443;332971,3;63;
2021-03-16;18,10;18,15;17,70;18,30;17,70;18,15;18,165;15995;290552,4;92;
2021-03-15;18,00;18,15;17,15;18,20;17,15;17,65;17,815;24242;431864,55;118;
2021-03-12;17,15;17,80;18,10;18,10;17,10;17,15;17,411;26879;468000,8;84;
2021-03-11;17,70;17,90;17,80;18,10;17,65;17,90;17,892;50008;894744,65;136;
2021-03-10;17,10;17,15;16,80;17,60;16,30;17,60;17,063;44586;760776,25;119;
2021-03-09;16,80;16,85;16,45;16,85;16,15;16,80;16,603;3546;58875,4;45;
2021-03-08;16,40;16,45;16,05;16,45;16,05;16,45;16,373;5308;86906,6;32;
2021-03-05;16,10;16,25;16,15;16,85;16,05;16,05;16,195;8798;142485,4;50;
2021-03-04;16,15;16,55;16,70;16,95;16,10;16,15;16,281;14679;238988,8;50;
2021-03-03;16,70;16,90;17,00;17,00;16,70;16,70;16,826;9464;159244,8;40;
2021-03-02;16,70;16,90;16,80;17,00;16,60;16,70;16,803;19300;324302,95;79;
2021-03-01;16,80;17,00;17,25;17,35;16,30;16,80;16,936;30724;520328,35;122;
2021-02-26;16,50;17,15;16,05;17,25;15,80;17,20;16,629;25568;425174,6;100;
2021-02-25;16,00;16,35;16,20;17,35;15,90;16,35;16,483;39908;657786,55;116;
2021-02-24;16,00;16,20;16,25;16,50;16,00;16,20;16,287;11955;194707,7;62;
2021-02-23;16,15;16,25;16,50;17,10;16,00;16,25;16,551;24036;397814,65;92;
2021-02-22;16,70;17,00;16,90;17,40;16,25;16,70;16,869;5371;90604,3;46;
2021-02-19;16,20;16,75;16,20;16,90;15,60;16,90;16,276;31651;515156,9;126;
2021-02-18;16,35;16,60;16,80;16,80;16,05;16,35;16,469;30889;508713,3;106;
2021-02-17;16,80;17,00;17,55;18,00;16,85;16,95;17,377;51950;902750,9;202;
2021-02-16;16,70;16,80;17,20;17,20;16,45;16,70;16,689;9203;153584,3;59;
2021-02-15;17,10;17,20;17,40;17,65;17,05;17,20;17,362;12139;210752,8;87;
2021-02-12;16,90;17,05;16,75;17,35;16,60;17,05;16,991;8143;138354,75;63;
2021-02-11;16,45;16,70;16,75;16,80;16,30;16,60;16,662;6219;103619,05;52;
2021-02-10;16,65;16,85;17,10;17,20;16,25;16,75;16,525;20709;342206,95;80;
2021-02-09;17,10;17,30;18,40;18,40;16,95;17,10;17,616;8645;152293,3;103;
2021-02-08;17,40;17,60;16,95;17,95;16,95;17,60;17,515;16500;289004,4;134;
2021-02-05;16,85;16,95;16,65;16,95;16,65;16,95;16,852;9296;156658,3;46;
2021-02-04;16,60;16,65;16,55;16,70;16,55;16,65;16,628;5944;98835,65;32;
2021-02-03;16,55;16,65;16,75;16,75;16,15;16,55;16,639;7610;126622,75;46;
2021-02-02;16,75;16,80;16,60;17,15;16,60;16,75;16,771;5730;96094,8;61;
2021-02-01;16,30;16,45;17,15;17,15;15,80;16,60;16,534;23793;393401,2;117;
2021-01-29;17,15;17,40;17,40;18,20;16,50;17,15;17,458;14949;260979,45;102;
2021-01-28;16,90;17,40;16,10;17,40;16,00;17,40;16,275;21205;345114,5;116;
2021-01-27;16,75;16,80;17,20;17,30;16,55;16,80;17,02;17344;295196,95;87;
2021-01-26;17,10;17,20;17,10;17,75;17,00;17,20;17,322;7612;131854,75;55;
2021-01-25;17,05;17,10;17,05;18,15;17,05;17,10;17,509;15105;264478,45;96;
2021-01-22;17,00;17,10;17,55;17,55;16,45;17,00;16,879;43609;736094,35;198;
2021-01-21;17,50;17,55;17,90;17,90;17,40;17,55;17,609;9574;168584,6;75;
2021-01-20;17,80;17,90;17,75;18,05;17,70;17,90;17,818;7416;132135,45;45;
2021-01-19;17,80;18,05;17,55;18,65;17,55;17,80;17,924;100550;1802225,8;105;
2021-01-18;17,55;17,75;18,30;18,50;17,50;17,55;17,963;19353;347640,05;87;
2021-01-15;18,30;18,40;18,65;18,80;18,30;18,30;18,632;32672;608751,95;65;
2021-01-14;18,60;18,65;18,50;18,80;18,30;18,65;18,491;17844;329958,6;81;
2021-01-13;18,30;18,50;18,50;18,80;18,30;18,50;18,585;66127;1228983,5;76;
2021-01-12;18,50;18,65;18,35;19,30;18,35;18,50;18,726;36737;687924,95;118;
2021-01-11;17,90;18,20;18,15;19,00;17,45;18,35;18,031;24780;446810,4;163;
2021-01-08;18,15;18,20;19,20;19,20;18,00;18,15;18,417;71755;1321538,25;278;
2021-01-07;19,00;19,10;19,95;20,80;18,20;19,20;19,686;98878;1946489,55;431;
2021-01-05;19,85;19,95;18,75;21,90;18,70;19,95;20,032;69918;1400620,2;368;
2021-01-04;18,30;18,50;17,40;18,75;17,40;18,70;18,018;87170;1570601,25;261;
2020-12-30;17,00;17,10;16,30;17,40;16,00;17,40;16,484;27105;446807,1;166;
2020-12-29;16,20;16,25;15,95;16,75;15,65;16,30;16,223;133722;2169363;367;
2020-12-28;15,35;15,50;14,30;15,70;13,90;15,50;14,842;119626;1775430,05;363;
2020-12-23;14,20;14,30;13,25;14,70;13,25;14,30;14,145;48506;686104;177;
2020-12-22;13,25;13,40;13,10;13,50;13,00;13,25;13,265;25123;333256,2;73;
2020-12-21;13,10;13,20;12,95;13,40;12,65;13,10;13,007;19937;259315,2;77;
2020-12-18;12,90;13,10;13,30;13,45;12,95;12,95;13,227;20344;269086,3;69;
2020-12-17;13,10;13,30;12,90;13,30;12,75;13,30;13,164;16010;210747,95;55;
2020-12-16;12,80;12,90;13,00;13,30;12,75;12,90;13,02;33795;440024,9;59;
2020-12-15;12,60;12,65;12,95;12,95;12,60;12,75;12,777;8643;110427,3;33;
2020-12-14;12,80;12,85;12,50;13,50;12,50;12,95;12,938;18949;245159,7;54;
2020-12-11;12,60;12,75;13,00;13,25;12,45;12,60;12,702;39920;507063,3;101;
2020-12-10;12,70;12,80;12,80;13,00;12,70;12,70;12,83;24237;310956;51;
2020-12-09;13,00;13,15;13,10;13,50;12,65;13,00;12,869;26134;336326,8;75;
2020-12-08;13,05;13,10;13,20;13,75;12,80;13,10;12,982;20285;263340,5;91;
2020-12-07;13,10;13,15;13,20;13,85;12,90;13,20;13,375;14355;192003,75;66;
2020-12-04;13,05;13,15;13,45;13,90;12,90;13,00;13,423;33896;454968,5;93;
2020-12-03;13,40;13,45;13,95;13,95;13,00;13,40;13,523;23277;314774,05;58;
2020-12-02;13,90;13,95;13,80;14,00;13,10;13,70;13,832;55464;767155,05;119;
2020-12-01;13,80;13,95;13,70;14,50;13,00;13,80;13,796;57488;793083,05;191;
2020-11-30;13,10;13,30;12,90;13,90;12,90;13,15;13,295;22788;302967,3;108;
2020-11-27;12,80;13,05;13,95;13,95;12,80;12,80;13,134;24235;318299,4;78;
2020-11-26;13,00;13,05;13,30;14,80;12,45;13,00;13,543;113042;1530885,75;279;
2020-11-25;12,80;13,45;13,45;13,45;12,45;12,85;12,999;46768;607920,3;134;
2020-11-24;13,25;13,30;12,50;13,75;12,50;13,35;13,436;47610;639706,45;144;
2020-11-23;12,50;12,60;12,15;13,65;12,15;12,50;12,747;45966;585943,15;156;
2020-11-20;12,20;12,30;12,10;12,50;12,10;12,15;12,25;9607;117683,6;36;
2020-11-19;11,95;12,05;12,05;12,65;11,80;12,15;12,203;26958;328967,2;80;
2020-11-18;11,80;11,90;11,50;12,75;11,50;12,05;12,208;45040;549830,95;105;
2020-11-17;11,50;11,60;12,15;12,15;11,35;11,50;11,669;69506;811042,7;141;
2020-11-16;12,10;12,15;12,30;13,65;12,10;12,20;12,708;42471;539724,65;98;
2020-11-13;12,65;13,05;12,95;13,05;12,55;12,65;12,771;11851;151354,35;55;
2020-11-12;12,95;13,00;13,50;13,50;12,95;12,95;13,17;6171;81272,95;26;
2020-11-11;13,00;13,10;13,10;14,95;12,65;13,10;14,258;70251;1001640;103;
2020-11-10;13,55;13,80;14,00;15,05;12,60;13,70;14,354;49430;709494;96;
2020-11-09;13,65;13,80;12,35;14,75;11,45;13,80;13,649;77759;1061316,55;238;
2020-11-06;11,45;12,35;10,75;12,35;10,75;12,35;11,32;6242;70660,35;46;
2020-11-05;11,75;12,00;11,35;12,50;11,35;11,75;12,006;15370;184525,95;55;
2020-11-04;11,35;11,55;12,10;12,15;10,75;11,35;11,477;8952;102742,05;38;
2020-11-03;11,60;11,70;11,30;12,15;10,75;12,10;11,438;41112;470244,6;57;
2020-11-02;11,15;11,30;11,40;11,95;10,50;11,35;11,154;41036;457694,2;62;
2020-10-30;11,30;11,40;11,55;11,70;10,70;11,40;11,149;33103;369062,1;54;
2020-10-29;11,60;12,00;12,70;12,70;11,25;11,55;11,907;40343;480356,95;84;
2020-10-28;11,80;12,70;13,45;13,85;11,25;12,70;12,961;55775;722900,85;124;
2020-10-27;13,00;13,25;13,45;13,65;13,05;13,05;13,254;8631;114391,35;36;
2020-10-26;13,00;13,50;13,95;13,95;12,85;13,45;13,521;64156;867448;145;
2020-10-23;13,30;13,50;13,05;13,80;12,65;13,40;13,262;33999;450882,55;103;
2020-10-22;13,00;13,05;13,35;14,45;13,00;13,05;13,607;51285;697829,05;254;
2020-10-21;13,20;13,35;12,90;15,00;12,60;13,35;13,591;487864;6630694,3;1391;
2020-10-20;10,30;10,65;10,50;11,35;10,20;10,55;10,534;35962;378810,55;71;
2020-10-19;10,65;10,80;11,00;11,75;10,50;10,90;10,886;35602;387564,6;81;
2020-10-16;11,00;11,05;11,50;12,00;10,55;11,00;10,959;24558;269118,9;68;
2020-10-15;11,00;11,30;11,20;11,95;10,90;11,40;11,225;60310;676991,8;91;
2020-10-14;11,90;11,95;12,15;12,15;11,50;11,95;11,776;22846;269043;54;
2020-10-13;11,95;12,20;12,40;12,40;11,95;12,15;12,11;17877;216488,6;58;
2020-10-12;12,20;12,30;12,90;13,20;11,95;11,95;12,554;141492;1776297,7;136;
2020-10-09;12,90;13,00;13,20;13,20;12,90;13,05;13,054;13852;180818,05;29;
2020-10-08;13,05;13,15;13,25;13,35;12,85;13,20;13,082;4406;57638,5;30;
2020-10-07;13,25;13,35;13,10;13,35;13,00;13,25;13,19;7430;98002,25;22;
2020-10-06;13,10;13,20;12,80;13,30;12,80;13,10;13,161;8978;118159,15;44;
2020-10-05;12,75;13,30;13,10;13,10;12,55;12,75;12,93;5067;65514,2;31;
2020-10-02;13,05;13,10;12,95;13,10;12,75;13,10;13,059;2511;32791,55;13;
2020-10-01;12,95;13,10;12,85;13,10;12,55;12,95;12,969;3207;41591,65;14;
2020-09-30;12,85;12,90;12,60;13,10;12,55;12,85;12,588;5934;74696,05;17;
2020-09-29;12,85;13,00;13,00;13,25;12,80;12,85;13,063;16451;214893,05;38;
2020-09-28;12,60;12,80;12,85;13,25;12,60;12,85;12,812;5553;71145,8;29;
2020-09-25;12,80;12,85;12,70;12,95;12,60;12,60;12,666;1268;16060,1;9;
2020-09-24;12,65;12,90;12,55;12,85;12,55;12,70;12,667;4273;54127,85;12;
2020-09-23;12,90;13,00;12,80;13,40;12,80;12,85;12,961;7560;97983,7;25;
2020-09-22;12,85;13,00;12,90;13,15;12,80;12,85;12,908;3403;43927,05;28;
2020-09-21;12,90;13,00;13,30;13,30;12,60;13,20;12,873;18392;236757,35;45;
2020-09-18;13,25;13,30;13,50;13,50;13,15;13,30;13,332;3435;45796,85;28;
2020-09-17;13,15;13,30;13,40;13,50;12,75;13,50;13,126;13053;171329,1;50;
2020-09-16;13,20;13,40;13,00;13,55;13,00;13,50;13,243;2879;38125,85;20;
2020-09-15;13,25;13,35;13,20;13,45;12,80;13,40;13,132;11486;150828,55;39;
2020-09-14;13,10;13,20;13,35;13,60;13,00;13,20;13,18;8882;117068,65;38;
2020-09-11;13,20;13,30;13,20;13,35;13,10;13,35;13,28;801;10637,2;12;
2020-09-10;13,20;13,40;12,95;13,60;12,95;13,20;13,129;4898;64304,8;20;
2020-09-09;13,35;13,50;13,40;13,65;12,90;13,35;13,287;3835;50955,8;21;
2020-09-08;13,45;13,50;13,55;13,60;13,40;13,55;13,535;2114;28612,45;18;
2020-09-07;13,40;13,70;13,45;13,60;13,20;13,55;13,364;15957;213241,25;31;
2020-09-04;13,40;13,45;13,95;13,95;13,35;13,45;13,429;7931;106504,6;77;
2020-09-03;13,50;13,85;13,70;13,95;13,45;13,85;13,736;8951;122949,8;43;
2020-09-02;13,40;13,60;13,35;14,00;13,30;13,45;13,598;5344;72665,4;31;
2020-09-01;13,30;13,65;13,35;14,00;13,35;13,35;13,552;3391;45953,25;32;
2020-08-31;13,40;13,50;13,50;14,00;13,35;13,35;13,595;9319;126687,75;40;
2020-08-28;13,35;13,60;13,55;14,15;13,50;13,50;13,749;4627;63614,45;54;
2020-08-27;13,55;13,85;14,00;14,00;13,10;13,55;13,608;668;9090,35;15;
2020-08-26;13,90;14,00;13,90;14,00;13,80;14,00;13,807;28878;398730,8;34;
2020-08-25;13,30;13,50;13,85;14,05;13,25;13,65;13,535;16248;219913,35;59;
2020-08-24;13,45;13,70;14,00;14,45;12,75;13,85;13,598;25173;342293,65;72;
2020-08-21;13,70;13,95;13,75;14,20;13,70;13,70;13,851;3219;44585,7;23;
2020-08-20;13,70;13,95;14,25;14,25;13,75;13,75;13,983;3374;47180,1;22;
2020-08-19;13,85;13,95;14,35;14,35;13,65;13,85;13,916;7881;109671,9;33;
2020-08-18;14,15;14,40;13,95;14,50;13,95;14,35;14,275;7158;102176,95;26;
2020-08-17;13,90;14,00;13,95;14,10;13,45;14,00;13,618;6784;92384,25;30;
2020-08-14;13,95;14,00;14,20;14,20;13,80;13,95;13,965;5767;80535,85;15;
2020-08-13;14,20;14,30;14,30;14,50;13,60;14,20;14,031;3960;55561,55;33;
2020-08-12;14,10;14,15;14,25;14,40;14,10;14,10;14,213;3445;48964,55;17;
2020-08-11;14,20;14,25;14,30;14,45;14,20;14,35;14,299;7909;113093,9;26;
2020-08-10;14,30;14,35;14,60;14,60;14,20;14,30;14,336;900;12902,8;11;
2020-08-07;14,35;14,40;14,40;14,55;14,35;14,35;14,469;3635;52592,85;21;
2020-08-06;14,35;14,40;14,85;14,85;14,35;14,35;14,608;1559;22773,3;22;
2020-08-05;14,45;14,50;14,60;14,65;14,30;14,45;14,538;4264;61991,65;25;
2020-08-04;14,60;14,65;14,50;14,65;14,50;14,65;14,554;463;6738,3;9;
2020-08-03;14,35;14,60;14,95;14,95;14,20;14,80;14,751;2146;31654,5;21;
2020-07-31;14,60;14,70;14,85;14,85;14,35;14,85;14,821;230;3408,8;11;
2020-07-30;14,50;14,60;14,40;14,85;14,30;14,85;14,533;2016;29297,8;31;
2020-07-29;14,40;15,00;14,70;15,00;14,35;14,40;14,42;1549;22336,75;12;
2020-07-28;14,65;14,70;14,60;14,95;14,55;14,70;14,622;1302;19037,9;17;
2020-07-27;14,55;14,65;14,35;14,90;14,35;14,55;14,638;9722;142310,5;49;
2020-07-24;14,20;14,35;14,40;14,95;13,70;14,25;14,219;13896;197593;44;
2020-07-23;14,35;14,40;14,45;14,45;14,20;14,40;14,38;10355;148909;22;
2020-07-22;14,40;14,70;14,50;14,95;14,10;14,45;14,424;2531;36508,2;20;
2020-07-21;14,50;14,60;14,95;14,95;14,40;14,50;14,834;4193;62198,3;18;
2020-07-20;14,40;15,00;14,65;15,35;14,00;15,00;14,83;19320;286508;35;
2020-07-17;14,60;14,70;14,40;15,25;14,30;14,70;14,654;5494;80507,7;29;
2020-07-16;14,55;14,75;14,55;14,95;14,40;14,90;14,843;479;7109,95;9;
2020-07-15;14,40;14,55;14,55;15,15;14,30;14,55;14,638;10652;155920;29;
2020-07-14;14,50;14,60;14,80;14,95;14,50;14,50;14,742;5321;78440,95;20;
2020-07-13;14,80;14,85;14,60;15,40;14,60;14,80;14,99;2711;40637,1;31;
2020-07-10;14,80;15,00;14,90;15,20;14,40;14,60;14,70;5352;78673,7;47;
2020-07-09;14,90;15,00;14,90;15,45;14,90;15,00;15,253;4935;75275,2;20;
2020-07-08;14,90;15,20;15,50;15,50;14,80;15,40;15,085;190710;2875945,6;48;
2020-07-07;15,25;15,30;16,00;16,00;15,20;15,50;15,439;12949;199915,4;38;
2020-07-06;15,90;16,00;15,60;16,35;15,60;16,00;15,889;2823;44855,45;35;
2020-07-03;15,45;15,60;15,55;16,00;15,20;15,55;15,583;7612;118619,9;33;
2020-07-02;14,95;15,50;15,10;16,20;14,75;15,45;15,64;6329;98987,45;45;
2020-07-01;15,05;15,30;15,20;15,60;15,00;15,10;15,269;4703;71809,85;28;
2020-06-30;15,15;15,45;15,50;15,50;14,90;15,20;15,422;3881;59854,35;26;
2020-06-29;14,80;15,15;14,80;15,55;14,80;15,50;15,216;1212;18441,55;21;
2020-06-26;14,65;14,70;15,50;15,60;14,65;14,75;15,225;5400;82216;26;
2020-06-25;15,50;15,75;16,35;16,35;15,50;15,50;15,531;4363;67763,55;12;
2020-06-24;15,55;15,80;15,60;16,05;15,55;15,55;15,653;345;5400,1;10;
2020-06-23;15,60;15,85;15,65;16,15;15,50;15,60;15,79;5241;82753,25;21;
2020-06-22;15,65;16,05;16,45;16,45;15,50;15,65;15,793;5066;80007,05;26;
2020-06-18;16,05;16,30;16,05;16,55;16,05;16,45;16,145;4536;73232,15;21;
2020-06-17;16,40;16,70;16,45;16,60;16,05;16,60;16,336;4450;72693,6;23;
2020-06-16;16,05;16,50;16,00;16,95;16,00;16,45;16,503;8015;132268,9;28;
2020-06-15;16,00;16,45;16,65;16,95;16,00;16,00;16,326;11786;192420,5;55;
2020-06-12;16,60;16,65;15,85;17,00;15,85;16,65;16,851;23974;403982,4;128;
2020-06-11;15,50;15,75;16,50;17,00;15,55;15,55;15,934;11758;187356,65;72;
2020-06-10;16,30;16,50;17,55;17,80;15,50;16,50;16,548;16355;270638,95;101;
2020-06-09;17,40;17,80;17,50;18,00;17,40;17,80;17,805;25076;446471,3;100;
2020-06-08;17,30;17,35;14,95;17,40;14,95;17,35;16,561;60146;996045,9;191;
2020-06-05;14,80;14,85;13,75;14,95;13,75;14,80;14,535;50161;729098,8;109;
2020-06-04;13,45;13,55;13,90;13,90;13,05;13,75;13,77;17412;239758,7;30;
2020-06-03;13,50;13,90;13,70;13,90;13,25;13,90;13,614;4208;57285,65;35;
2020-06-02;13,40;13,50;13,45;13,50;13,25;13,40;13,379;7709;103142,05;25;
2020-06-01;13,05;13,25;13,80;13,80;12,80;13,25;13,419;16831;225848,95;44;
2020-05-29;13,10;13,30;13,80;13,95;13,05;13,30;13,605;17347;236003,2;35;
2020-05-28;13,60;13,70;13,70;13,90;13,60;13,70;13,722;9004;123555,8;29;
2020-05-27;13,55;13,70;13,10;13,95;13,00;13,70;13,527;24989;337311,65;98;
2020-05-26;12,85;13,00;12,95;13,00;12,40;13,00;12,94;6906;89365,7;49;
2020-05-25;12,15;12,55;12,80;13,10;12,10;12,15;12,707;8891;112981,05;48;
2020-05-22;12,60;12,70;13,20;13,20;12,60;12,80;12,789;1629;20833,2;12;
2020-05-20;12,80;13,10;13,10;13,30;13,10;13,10;13,142;9410;123665,35;19;
2020-05-19;13,05;13,40;13,05;13,05;12,60;13,05;12,951;2601;33684,55;14;
2020-05-18;12,55;12,75;12,60;13,40;12,50;12,55;12,896;4270;55066,15;29;
2020-05-15;12,55;13,00;13,00;13,05;11,65;12,50;12,685;38697;490872,25;53;
2020-05-14;12,50;12,75;12,50;13,40;12,50;13,05;12,687;4562;57879,65;21;
2020-05-13;12,60;12,80;13,05;13,05;12,45;12,50;12,712;13285;168877,8;39;
2020-05-12;13,00;13,20;13,60;13,60;12,90;13,05;13,424;20349;273155,8;38;
2020-05-11;13,55;13,80;14,30;14,85;13,55;13,55;14,078;12724;179129,2;60;
2020-05-08;13,80;13,90;13,95;15,90;13,50;13,95;14,432;102410;1477949,1;225;
2020-05-07;13,15;13,35;13,45;13,50;13,15;13,15;13,257;8867;117545,25;21;
2020-05-06;13,30;13,35;13,30;13,45;13,30;13,30;13,332;418;5572,85;10;
2020-05-05;13,20;13,35;13,20;13,85;13,15;13,20;13,298;9020;119944,7;21;
2020-05-04;13,20;13,45;13,80;13,80;13,05;13,20;13,602;5876;79923,2;41;
2020-04-30;13,70;13,85;14,45;14,45;13,25;13,65;13,77;22219;305956,35;61;
2020-04-29;14,30;14,40;14,10;14,45;13,90;14,45;13,992;11344;158729;38;
2020-04-28;13,95;14,00;14,00;14,40;14,00;14,10;14,083;2908;40952,2;24;
2020-04-27;14,00;14,15;14,25;14,45;14,00;14,00;14,145;7341;103838,85;38;
2020-04-24;14,05;14,40;14,75;14,75;14,05;14,25;14,28;6199;88521,3;36;
2020-04-23;14,50;14,55;13,90;15,35;13,90;14,65;14,678;13885;203798,65;56;
2020-04-22;14,10;14,70;14,00;15,45;14,00;14,00;14,656;8136;119238,6;40;
2020-04-21;14,00;14,50;15,00;17,90;13,85;14,00;15,615;47474;741288,6;173;
2020-04-20;13,10;14,30;14,50;14,55;13,05;14,30;14,404;18424;265370,4;47;
2020-04-17;14,50;14,55;15,00;15,00;14,40;14,50;14,74;8414;124023;38;
2020-04-16;14,35;14,55;16,00;16,55;14,50;15,00;15,882;24643;391382,25;55;
2020-04-15;15,60;16,15;15,60;17,00;14,30;15,70;15,452;28764;444458,05;113;
2020-04-14;15,55;16,05;16,50;17,00;14,50;15,55;16,01;59473;952172,6;205;
2020-04-09;13,70;13,95;13,45;13,95;13,45;13,95;13,716;5721;78470,6;34;
2020-04-08;12,55;13,35;12,75;13,45;11,50;13,35;12,871;19164;246655,2;67;
2020-04-07;12,20;12,60;11,85;13,50;11,75;12,50;12,338;25120;309926,1;77;
2020-04-06;10,65;11,05;10,50;11,75;10,50;11,35;10,983;21428;235347,35;69;
2020-04-03;10,50;10,60;11,00;11,75;10,50;10,60;10,675;9051;96615,7;39;
2020-04-02;10,30;10,90;10,90;11,00;10,25;11,00;10,462;4232;44276,15;21;
2020-04-01;10,40;10,60;10,15;10,90;10,00;10,40;10,564;5177;54689,8;33;
2020-03-31;10,90;11,20;10,00;12,70;9,90;10,90;10,939;57662;630769;161;
2020-03-30;10,00;10,15;10,00;10,25;9,50;10,00;9,619;14222;136801,96;50;
2020-03-27;9,60;9,84;9,98;10,30;9,82;9,82;9,982;6979;69667,39;52;
2020-03-26;9,60;9,74;10,35;10,40;9,70;9,82;10,123;6086;61610,79;38;
2020-03-25;9,50;9,74;9,76;10,40;8,90;9,80;9,781;60157;588410,59;98;
2020-03-24;8,88;9,04;9,00;9,96;8,80;8,90;9,097;23065;209831,48;46;
2020-03-23;8,76;9,12;9,48;11,00;9,00;9,00;9,513;18022;171439,65;81;
2020-03-20;9,48;9,54;11,00;11,00;9,36;9,48;9,926;35657;353922,41;117;
2020-03-19;;;10,00;12,70;8,52;11,00;10,194;20785;211874,14;93;
2020-03-18;10,20;10,35;10,00;12,05;9,98;10,35;10,456;15153;158444,4;52;
2020-03-17;10,60;11,30;12,00;13,00;10,50;11,80;12,244;20114;246284,15;63;
2020-03-16;12,55;12,85;13,00;13,00;11,40;12,55;12,189;44031;536712,6;56;
2020-03-13;12,95;13,00;14,70;18,95;12,95;13,00;14,713;7199;105921,15;71;
2020-03-12;13,85;14,00;18,00;18,00;13,00;14,00;15,38;57739;888003,7;154;
2020-03-11;18,10;18,30;18,10;19,00;18,10;18,10;18,72;12727;238244,65;23;
2020-03-10;18,55;18,70;18,10;19,00;18,10;18,60;18,587;17913;332940,75;36;
2020-03-09;18,55;18,80;19,45;19,45;18,75;18,75;18,948;7000;132633,35;39;
2020-03-06;19,55;19,75;20,00;20,00;18,75;19,60;19,36;1973;38196,4;15;
2020-03-05;19,90;20,00;21,00;21,00;19,75;20,40;20,196;8015;161873,75;19;
2020-03-04;20,00;20,50;20,00;21,00;19,50;21,00;20,391;2798;57053,6;18;
2020-03-03;19,90;19,95;20,00;20,50;19,10;20,00;20,114;6416;129052,9;21;
2020-03-02;20,10;20,50;20,20;23,20;20,00;20,10;20,462;2543;52034,4;26;
2020-02-28;19,70;19,90;20,00;20,60;19,30;20,10;20,003;37568;751469,45;63;
2020-02-27;20,10;20,50;22,00;22,00;20,00;20,80;20,981;33932;711934,5;47;
2020-02-26;21,80;22,10;22,50;22,50;21,60;22,20;21,954;37152;815394,3;68;
2020-02-25;22,50;23,00;23,90;23,90;22,50;23,10;23,059;4290;98922,1;29;
2020-02-24;23,20;23,90;24,00;24,00;23,30;23,90;23,533;2750;64731,7;17;
2020-02-21;23,40;24,30;23,70;24,30;23,20;24,30;23,954;9733;233144;35;
2020-02-20;23,60;23,70;25,00;25,00;23,00;23,70;23,839;7764;185178,96;39;
2020-02-19;24,40;25,00;25,00;26,00;25,00;25,00;25,094;6927;173984,3;23;
2020-02-18;24,20;25,00;26,50;26,70;24,00;25,00;25,536;7983;203852,7;42;
2020-02-17;26,00;26,30;23,50;26,30;23,10;26,30;24,672;20435;504173,1;62;
2020-02-14;22,60;22,90;23,10;23,50;22,50;23,50;23,08;10167;234657,6;18;
2020-02-13;23,20;23,40;23,60;23,70;23,10;23,20;23,341;11020;257213,4;25;
2020-02-12;23,30;23,60;23,10;24,00;23,10;23,70;23,762;2075;49305,6;16;
2020-02-11;23,20;23,50;23,80;24,00;23,00;23,90;23,751;11023;261801,7;27;
2020-02-10;23,70;23,90;24,00;24,00;23,00;23,90;23,919;1448;34635,1;24;
2020-02-07;24,00;24,40;24,30;24,80;24,00;24,40;24,06;5088;122415,5;9;
2020-02-06;24,50;25,10;24,10;25,20;24,00;25,00;24,463;745;18225,1;15;
2020-02-05;24,50;25,00;25,00;25,50;24,20;24,20;24,548;4961;121783,3;23;
2020-02-04;24,80;25,00;25,00;25,00;24,50;25,00;24,877;1799;44754,2;22;
2020-02-03;25,50;25,60;24,60;25,90;24,50;25,50;24,879;18505;460377,8;32;
2020-01-31;25,30;26,00;24,70;26,00;24,50;26,00;25,008;3948;98733,1;25;
2020-01-30;25,50;25,80;25,20;26,40;25,20;25,80;25,782;4671;120428,3;13;
2020-01-29;25,50;26,00;26,00;26,00;25,20;25,50;25,58;1782;45583;18;
2020-01-28;25,60;26,00;24,90;26,00;24,90;26,00;25,983;761;19772,7;9;
2020-01-27;24,90;25,60;25,40;25,70;24,70;24,90;25,269;914;23096;15;
2020-01-24;25,70;25,90;25,70;25,70;25,40;25,70;25,621;1617;41429,7;13;
2020-01-23;25,40;25,90;24,80;25,70;24,50;25,70;24,763;3425;84813,3;14;
2020-01-22;25,60;26,40;25,20;25,90;25,10;25,90;25,472;10630;270766,9;49;
2020-01-21;25,60;26,30;26,50;26,70;25,10;25,10;25,698;2573;66120,2;21;
2020-01-20;25,60;26,40;26,60;26,70;25,60;26,30;26,336;7855;206866,4;37;
2020-01-17;25,80;26,70;25,30;27,40;25,30;26,60;26,482;7442;197080,9;28;
2020-01-16;25,10;25,20;25,50;26,10;25,00;25,00;25,496;15588;397427,8;24;
2020-01-15;25,60;26,10;25,60;26,70;25,50;25,90;25,924;8221;213122,9;23;
2020-01-14;26,10;26,80;26,00;26,00;25,50;26,00;25,996;4475;116329,7;7;
2020-01-13;26,10;26,40;26,40;26,40;25,30;26,00;25,78;14970;385924,5;53;
2020-01-10;25,80;25,90;25,90;26,70;25,50;26,70;25,863;1720;44483,7;18;
2020-01-09;25,20;25,80;26,00;26,10;24,70;25,00;25,359;10529;267004,8;44;
2020-01-08;26,00;26,20;26,00;26,50;26,00;26,00;26,127;6266;163711,2;24;
2020-01-07;26,60;26,80;27,00;27,00;26,30;26,60;26,855;7860;211077,9;35;
2020-01-03;27,00;27,50;27,00;27,70;27,00;27,00;27,034;415;11219;9;
2020-01-02;27,00;27,30;26,70;27,70;25,80;27,00;27,245;3031;82579,2;26;
2019-12-30;26,10;26,80;26,30;26,90;25,90;25,90;26,12;6456;168630,1;48;
2019-12-27;26,10;26,20;27,20;28,00;26,00;26,20;27,011;4900;132352,5;45;
2019-12-23;27,10;27,90;25,60;27,20;24,50;27,20;25,691;17174;441209,8;59;
2019-12-20;25,70;26,10;25,20;26,30;25,20;25,60;25,95;1736;45049,5;18;
2019-12-19;25,50;25,90;25,20;26,30;25,20;25,60;25,446;2488;63308,8;15;
2019-12-18;26,00;26,30;25,30;26,10;25,30;26,00;25,995;6488;168657,3;14;
2019-12-17;26,00;26,20;25,20;26,10;25,20;26,00;25,528;12106;309035,8;34;
2019-12-16;25,60;26,00;26,40;26,40;24,60;26,00;26,185;6164;161401,2;22;
2019-12-13;26,00;26,40;26,10;26,40;25,40;26,40;25,922;909682;21850973,7;36;
2019-12-12;26,00;26,30;24,50;26,40;24,50;26,40;25,923;24939;646485,5;19;
2019-12-11;26,10;26,40;26,10;26,10;26,00;26,10;26,072;8656;225676;13;
2019-12-10;26,10;26,50;26,40;26,50;26,00;26,10;26,362;9711;256002,2;25;
2019-12-09;25,90;26,10;25,90;26,10;24,30;26,10;25,71;19363;497823,3;34;
2019-12-06;26,10;26,40;26,10;26,40;25,90;26,10;25,985;10037;260812;18;
2019-12-05;25,70;26,40;25,50;26,60;25,50;26,40;25,778;855;22040,4;10;
2019-12-04;26,00;26,40;26,80;26,80;26,00;26,40;26,572;530;14082,9;14;
2019-12-03;26,30;26,80;26,50;27,20;26,30;26,60;26,421;5183;136937,5;38;
2019-12-02;25,60;25,80;25,90;26,50;24,60;26,20;25,728;13351;343491,1;30;
2019-11-29;24,90;25,90;26,00;26,30;24,50;26,00;25,737;21155;544458,4;63;
2019-11-28;25,50;25,60;25,60;26,10;24,00;25,50;25,622;11304;289631;66;
2019-11-27;25,00;25,40;24,70;25,80;24,70;25,40;25,083;12823;321640,2;80;
2019-11-26;23,00;23,80;24,00;24,80;23,80;24,00;24,157;17064;412209,3;52;
2019-11-25;22,70;23,20;22,00;23,80;22,00;23,80;22,686;7629;173070,9;33;
2019-11-22;22,20;22,50;22,20;22,40;22,00;22,00;22,028;783;17247,6;10;
2019-11-21;22,20;22,30;21,80;22,30;21,80;22,20;22,013;26679;586960;14;
2019-11-20;21,50;21,90;21,10;22,50;21,10;21,50;21,431;9124;195535,2;11;
2019-11-19;21,80;22,30;22,00;22,00;21,10;21,70;21,682;3787;82162,6;11;
2019-11-18;21,40;21,80;20,80;21,80;20,80;21,80;21,545;10580;227946,8;17;
2019-11-15;21,60;21,70;21,80;21,80;21,00;21,60;21,646;8617;186524,2;12;
2019-11-14;21,60;21,80;21,00;22,00;21,00;22,00;21,623;15539;336006;16;
2019-11-13;21,00;21,40;20,70;21,50;20,70;21,00;21,098;2707;57112,4;16;
2019-11-12;20,70;21,00;20,70;21,30;20,60;20,60;20,956;19055;399319,8;41;
2019-11-11;20,90;21,20;20,20;21,10;20,20;20,90;20,423;31965;652806,2;53;
2019-11-08;21,10;21,50;21,90;21,90;20,50;21,00;21,264;7264;154463,5;27;
2019-11-07;21,20;21,90;22,30;22,30;20,40;21,90;21,209;54688;1145969,4;21;
2019-11-06;21,10;21,30;20,00;22,10;20,00;22,10;20,977;15949;334554,8;53;
2019-11-05;20,40;21,10;20,80;21,10;20,40;21,10;20,748;4251;88201,4;21;
2019-11-04;20,50;21,10;20,90;21,00;20,00;20,60;20,501;16542;339316,2;41;
2019-11-01;;;;;;21,00;;;;0;
2019-10-31;21,00;21,10;21,50;21,50;21,00;21,10;21,09;1180;24886,4;9;
2019-10-30;20,90;21,20;20,80;21,30;20,80;21,20;20,962;1893;39681,1;20;
2019-10-29;21,10;21,70;21,10;21,90;21,10;21,10;21,405;1321;28275,9;9;
2019-10-28;21,30;21,70;21,20;21,90;21,20;21,70;21,438;2451;52543,7;22;
2019-10-25;21,20;21,80;21,80;22,40;21,20;21,20;21,236;1750;37163,6;11;
2019-10-24;21,30;21,50;21,30;21,90;21,30;21,60;21,305;1911;40714,5;9;
2019-10-23;21,10;22,20;21,80;22,00;21,10;22,00;21,778;3242;70602,7;17;
2019-10-22;21,50;21,80;22,50;22,70;21,00;21,80;21,834;8325;181767;28;
2019-10-21;22,50;22,60;22,00;22,50;22,00;22,50;22,259;8876;197571,9;24;
2019-10-18;22,00;22,20;22,90;23,00;22,00;22,00;22,18;933;20693,9;16;
2019-10-17;22,20;22,90;22,50;23,00;22,00;23,00;22,60;5374;121453,7;33;
2019-10-16;21,90;22,40;21,10;23,80;21,10;22,40;22,396;9281;207859;64;
2019-10-15;21,80;22,20;21,60;22,50;21,60;21,80;22,405;2582;57848,9;12;
2019-10-14;21,60;22,40;22,00;22,80;21,90;22,50;22,184;3339;74073,1;17;
2019-10-11;22,10;22,60;22,60;22,60;22,00;22,10;22,481;1220;27426,9;11;
2019-10-10;21,90;22,50;22,60;22,60;21,70;22,30;22,313;1735;38712,6;10;
2019-10-09;22,20;22,60;22,50;22,80;21,90;22,60;22,436;5405;121268,4;17;
2019-10-08;22,50;22,70;22,80;22,80;22,50;22,70;22,525;5606;126273,6;15;
2019-10-07;22,70;22,80;23,10;23,10;22,50;22,90;22,718;8909;202393,5;20;
2019-10-04;23,10;23,50;23,00;23,70;22,00;23,10;22,79;29178;664954,9;56;
2019-10-03;22,70;23,00;22,20;23,80;22,20;23,00;22,961;6270;143962,5;32;
2019-10-02;22,20;22,50;22,10;22,40;21,80;22,20;22,253;5720;127284,4;17;
2019-10-01;22,00;22,40;21,70;23,20;21,70;22,00;22,477;40305;905953,6;91;
2019-09-30;21,50;21,60;21,00;21,90;20,60;21,70;21,485;2058380;41198983,2;51;
2019-09-27;21,00;21,10;21,90;21,90;21,00;21,00;21,098;3698;78021,2;11;
2019-09-26;20,90;21,50;21,40;22,00;20,80;21,50;21,419;15557;333211,6;41;
2019-09-25;20,90;21,40;21,50;21,50;20,80;21,40;21,301;8960;190853,6;23;
2019-09-24;21,50;21,70;22,50;22,50;21,20;21,50;21,53;17472;376169,8;36;
2019-09-23;21,10;22,50;22,00;22,80;21,00;22,50;21,958;6694;146987,3;30;
2019-09-20;22,00;22,30;21,50;22,00;21,00;22,00;21,379;14391;307658,2;30;
2019-09-19;20,90;21,50;21,50;21,50;20,80;21,50;21,403;6768;144858,5;20;
2019-09-18;21,50;21,60;20,90;22,00;20,80;21,60;21,797;23591;514204,7;37;
2019-09-17;21,10;21,50;21,50;21,60;21,00;21,50;21,462;20153;432513,2;28;
2019-09-16;21,50;21,60;22,00;22,00;20,80;21,50;21,633;5521;119435,6;26;
2019-09-13;21,10;21,40;20,50;22,50;20,10;21,40;21,637;55764;1206585,8;98;
2019-09-12;20,50;21,00;20,00;20,50;19,70;20,50;19,889;14790;294160,7;27;
2019-09-11;19,85;19,90;19,60;19,90;19,60;19,85;19,826;2362;46829,35;11;
2019-09-10;19,50;19,60;19,85;19,85;19,50;19,60;19,571;6396;125174,45;26;
2019-09-09;19,60;19,85;19,85;19,95;19,50;19,95;19,843;9370;185928,65;16;
2019-09-06;19,35;19,50;20,20;20,20;19,35;19,50;19,69;3703;72911,3;24;
2019-09-05;19,55;19,75;20,30;20,30;19,25;19,75;19,621;4018;78837,2;28;
2019-09-04;20,00;20,20;19,50;20,30;19,50;20,10;19,903;9567;190415,6;27;
2019-09-03;19,10;19,55;19,75;19,80;19,00;19,55;19,221;27784;534033,75;50;
2019-09-02;19,60;19,70;19,00;20,00;19,00;19,70;19,866;10635;211270,4;44;
2019-08-30;18,95;19,00;19,50;20,00;18,60;19,00;19,041;27214;518177,9;70;
2019-08-29;19,45;19,50;20,00;20,50;19,50;19,50;19,795;27871;551711,9;55;
2019-08-28;20,30;20,50;20,80;21,00;19,80;20,00;20,26;27436;555864,2;94;
2019-08-27;20,00;20,60;20,60;21,80;19,80;20,00;20,615;68406;1410165,8;178;
2019-08-26;20,30;20,70;20,70;21,90;19,80;20,60;21,225;315565;6694779,25;56;
2019-08-23;20,40;20,80;21,40;21,40;19,90;20,70;20,20;25165;508342,1;66;
2019-08-22;20,00;21,30;22,00;22,20;19,35;21,40;20,112;112089;2254321,2;211;
2019-08-21;22,20;22,50;20,00;23,40;20,00;22,50;22,61;21574;487784;91;
2019-08-20;20,00;21,00;19,90;21,10;19,90;20,00;20,464;118309;2421015,3;18;
2019-08-19;19,95;20,50;19,85;20,90;19,85;20,50;20,603;10742;221313,4;22;
2019-08-16;20,50;21,00;19,75;21,00;19,75;20,70;20,497;2712;55588,4;19;
2019-08-15;20,60;21,00;22,30;22,30;20,60;21,00;21,162;5152;109026,3;36;
2019-08-14;21,10;21,90;22,10;22,50;21,20;21,20;21,945;2790;61226,2;12;
2019-08-13;22,60;23,00;22,60;22,60;21,90;22,50;22,213;14608;324489,4;19;
2019-08-12;22,30;22,60;22,80;22,80;22,30;22,30;22,591;2016;45544,1;17;
2019-08-09;22,60;23,20;23,00;23,20;22,80;22,80;23,093;9937;229471,5;12;
2019-08-08;23,20;24,00;22,50;24,00;22,50;23,00;23,793;4511;107331,7;22;
2019-08-07;23,50;23,90;23,90;24,50;22,10;23,70;23,486;16655;391163,2;57;
2019-08-06;22,70;23,70;21,50;26,40;21,50;23,70;23,593;28833;680244,4;76;
2019-08-05;21,10;21,70;22,20;22,40;21,10;21,10;21,974;3565;78336,6;25;
2019-08-02;22,10;22,50;23,20;23,20;22,00;22,50;22,192;10434;231555,9;29;
2019-08-01;23,00;23,30;24,70;24,70;22,60;23,30;23,33;2051;47850,4;22;
2019-07-31;22,50;22,80;24,30;24,30;22,00;22,90;22,854;7291;166630,8;33;
2019-07-30;22,50;23,50;24,00;24,30;22,40;23,50;23,246;21241;493776,9;51;
2019-07-29;23,60;24,00;23,70;24,60;23,60;24,00;23,888;2102;50213,5;30;
2019-07-26;23,30;23,70;23,10;24,40;23,10;23,70;23,441;1499;35137,9;23;
2019-07-25;22,80;23,10;22,80;23,70;22,70;23,10;23,302;8382;195318,6;42;
2019-07-24;22,50;22,70;21,50;23,60;20,50;22,70;21,833;11021;240621;35;
2019-07-23;21,30;21,50;21,00;21,50;20,40;21,50;20,864;13159;274545,3;67;
2019-07-22;21,00;21,40;21,70;21,70;20,50;21,00;21,084;485382;9830972,7;36;
2019-07-19;21,50;22,00;22,50;22,50;21,50;21,50;21,528;1451;31237,5;9;
2019-07-18;21,60;22,10;21,70;22,60;20,60;22,10;21,31;11832;252136,5;48;
2019-07-17;21,70;22,80;23,50;23,70;21,70;21,70;22,482;10552;237230,1;42;
2019-07-16;23,30;23,40;23,40;23,50;23,20;23,50;23,276;2221;51696,5;12;
2019-07-15;23,30;23,40;23,20;23,90;23,20;23,40;23,457;6921;162343,2;34;
2019-07-12;23,20;23,50;24,00;24,00;23,10;23,20;23,376;13728;320908,8;46;
2019-07-11;23,60;23,90;23,30;24,00;23,30;24,00;23,526;4954;116549,7;21;
2019-07-10;23,40;24,00;24,10;24,40;23,40;23,40;23,884;15657;373946,9;52;
2019-07-09;24,20;24,40;24,60;25,00;23,10;24,40;24,595;8455;207954,2;31;
2019-07-08;24,90;25,00;25,00;25,10;25,00;25,10;25,069;4730;118574;33;
2019-07-05;24,80;25,00;25,10;25,10;24,80;24,80;25,011;2501;62552,8;12;
2019-07-04;25,00;25,10;25,50;25,50;24,80;25,10;25,14;15234;382979,4;52;
2019-07-03;25,20;25,60;25,30;25,90;25,00;25,50;25,28;20499;518221,2;58;
2019-07-02;26,00;26,10;26,20;26,30;25,80;26,10;26,17;1942;50822,5;13;
2019-07-01;25,60;26,40;26,00;26,40;25,40;26,40;25,701;6007;154387,2;41;
2019-06-28;25,90;26,20;26,10;26,20;25,80;25,90;25,997;3121;81136,6;17;
2019-06-27;25,90;26,40;25,70;26,90;25,70;26,00;26,00;881;22906,3;10;
2019-06-26;26,20;26,70;26,20;26,80;25,60;26,20;26,406;3099;81830,8;23;
2019-06-25;26,00;26,20;25,60;26,50;25,60;26,20;26,226;1823;47810,2;12;
2019-06-24;25,50;26,00;25,90;26,20;25,30;25,30;26,069;6907;180058,5;29;
2019-06-20;25,60;26,10;25,60;25,90;25,40;25,90;25,614;6836;175093,9;23;
2019-06-19;25,60;26,70;26,90;26,90;25,40;25,60;25,986;33911;881223,9;62;
2019-06-18;26,70;26,90;26,50;26,90;25,50;26,90;26,322;9502;250109;35;
2019-06-17;26,30;26,50;26,40;26,70;26,00;26,50;26,305;7369;193842,4;33;
2019-06-14;26,30;26,40;27,00;27,00;25,30;26,40;26,177;7434;194600,9;26;
2019-06-13;26,10;27,00;25,10;27,00;25,10;27,00;25,806;61978;1584102,4;39;
2019-06-12;25,60;25,70;26,50;27,00;25,50;25,70;26,215;2149;56336,2;23;
2019-06-11;26,00;26,10;25,90;27,00;25,30;26,10;26,36;2709;71408,5;16;
2019-06-10;25,50;26,10;26,30;26,30;25,50;26,10;25,838;8663;223836,3;71;
2019-06-07;26,00;26,40;26,00;26,40;26,00;26,40;26,014;10165;264430,3;22;
2019-06-05;26,00;26,10;26,10;26,60;26,00;26,10;26,394;4904;129436,1;29;
2019-06-04;26,50;26,90;27,50;27,50;26,10;26,90;26,976;5315;143375,8;16;
2019-06-03;27,60;28,80;26,10;29,60;26,10;27,50;27,571;2671;73642,8;20;
2019-05-31;26,90;27,50;27,50;27,50;26,10;27,50;26,993;29247;789471,5;27;
2019-05-29;27,30;27,40;26,10;27,30;26,10;27,30;27,112;1729;46875,8;12;
2019-05-28;27,10;27,30;26,90;27,40;26,90;27,10;27,035;5093;137687,6;16;
2019-05-27;27,10;27,50;26,80;27,60;26,50;27,00;26,936;19042;512905,2;42;
2019-05-24;26,90;27,40;27,30;27,90;26,80;26,80;27,491;11794;324230,4;41;
2019-05-23;27,40;27,90;28,60;28,60;27,30;27,30;27,833;3946;109830;30;
2019-05-22;27,40;28,00;27,20;28,40;27,20;27,40;27,651;855;23641,5;18;
2019-05-21;27,20;27,60;28,00;28,80;27,20;27,20;27,754;5359;148730,9;36;
2019-05-20;28,30;28,70;28,70;28,70;27,60;28,00;27,935;850;23744,6;27;
2019-05-17;28,00;28,80;28,40;28,80;28,00;28,70;28,562;8998;257162,8;44;
2019-05-16;28,20;28,30;28,00;28,30;27,90;28,30;28,013;4805;134601;31;
2019-05-15;28,00;28,50;28,80;28,80;27,60;28,10;28,48;4858;138357,4;52;
2019-05-14;28,50;28,80;28,80;28,80;28,50;28,50;28,741;2344;67339,1;37;
2019-05-13;28,50;28,80;28,90;29,00;28,10;28,50;28,699;31109;892800,2;82;
2019-05-10;28,50;28,90;29,00;29,00;28,40;28,50;28,769;21084;606571,4;69;
2019-05-09;28,80;29,00;30,50;30,50;28,80;29,00;29,20;2566;74926,9;32;
2019-05-08;29,20;29,70;31,10;31,10;29,00;29,80;29,757;62769;1867843,5;165;
2019-05-07;31,20;32,10;33,00;33,00;31,10;32,20;32,327;10061;325237,6;43;
2019-05-06;32,20;32,70;32,80;32,80;32,20;32,80;32,526;7284;236744,1;40;
2019-05-03;32,40;33,00;32,60;33,10;32,40;32,40;32,681;13025;425663,8;39;
2019-05-02;32,40;33,60;33,00;33,70;32,30;32,60;32,595;8643;281720,7;44;
2019-04-30;33,00;33,70;32,40;33,70;32,40;33,00;33,159;5115;169609,2;20;
2019-04-29;32,20;32,30;32,70;33,80;32,30;33,40;33,056;7145;236188,2;43;
2019-04-26;32,70;32,90;32,70;32,70;31,10;32,70;32,28;1803;58201,5;16;
2019-04-25;32,30;32,40;32,90;32,90;30,50;32,30;32,14;6163;198076,6;38;
2019-04-24;32,20;32,50;32,10;32,50;32,10;32,50;32,372;7243;234360,1;25;
2019-04-23;32,60;32,80;32,90;32,90;32,20;32,90;32,45;10493;340499,1;34;
2019-04-18;32,30;32,90;32,30;32,90;32,20;32,90;32,393;1701;55099,9;12;
2019-04-17;32,50;32,70;32,70;32,90;32,70;32,70;32,79;5079;166537,7;24;
2019-04-16;32,30;32,70;33,00;33,20;32,10;32,70;32,907;119040;3818339,6;37;
2019-04-15;32,00;32,70;32,80;33,30;32,00;32,00;32,676;7261;237257,6;42;
2019-04-12;32,80;33,10;32,80;34,40;32,80;32,80;32,932;4121;135711,5;32;
2019-04-11;32,80;33,00;34,40;34,40;32,80;32,80;33,067;8398;277692,6;31;
2019-04-10;33,50;34,40;33,50;34,40;33,50;34,40;34,176;1205;41182,2;21;
2019-04-09;33,60;33,70;33,70;34,00;33,60;33,60;33,849;1788;60522,2;15;
2019-04-08;33,50;33,90;34,00;34,00;33,50;33,70;33,97;2759;93723,6;11;
2019-04-05;33,80;34,40;33,50;34,40;33,50;34,40;34,08;7222;246125,9;15;
2019-04-04;33,10;34,60;34,60;34,60;32,90;34,60;33,813;466;15756,9;12;
2019-04-03;33,60;34,50;34,20;34,50;33,50;33,60;34,174;3269;111716,1;25;
2019-04-02;33,50;34,00;34,00;34,00;32,90;33,50;33,418;1899;63461,2;26;
2019-04-01;33,00;33,90;33,10;34,00;32,40;34,00;33,277;12355;411131,6;40;
2019-03-29;33,15;34,05;33,55;34,05;33,00;34,05;33,498;3695;123774,25;27;
2019-03-28;33,55;33,75;33,65;34,00;33,15;33,60;33,56;5008;168066,1;28;
2019-03-27;33,40;33,65;34,00;34,00;33,50;33,65;33,66;2582;86910,65;12;
2019-03-26;33,70;33,75;33,75;33,75;33,20;33,65;33,422;939;31382,85;22;
2019-03-25;33,25;33,75;33,50;33,75;33,15;33,75;33,721;2429;81908;17;
2019-03-22;33,50;34,00;33,95;34,55;33,20;33,50;33,739;12130;409254,35;34;
2019-03-21;33,60;33,80;33,75;33,80;33,50;33,60;33,679;1377;46375,75;13;
2019-03-20;33,60;33,95;34,00;34,30;33,50;33,85;33,73;2765;93263,25;19;
2019-03-19;33,50;33,95;33,45;33,95;33,15;33,95;33,533;42319;1418281,95;54;
2019-03-18;33,00;33,45;35,75;35,75;32,90;33,20;33,537;19404;650758,35;49;
2019-03-15;34,00;34,70;33,55;34,75;33,55;34,70;34,045;1861;63357,1;20;
2019-03-14;33,80;34,00;33,95;34,00;33,80;33,80;33,969;1192;40491,55;15;
2019-03-13;33,90;34,40;35,00;35,00;33,60;33,80;34,316;4416;151537,85;29;
2019-03-12;34,35;35,00;35,00;35,70;34,25;35,00;34,39;8929;307065,2;27;
2019-03-11;34,05;34,70;34,60;35,70;34,00;34,70;34,641;4132;143137,95;28;
2019-03-08;33,90;34,00;34,70;34,70;33,40;34,00;33,893;2777;94120,95;32;
2019-03-07;34,65;34,70;34,35;34,70;33,30;34,70;33,91;6251;211971,7;38;
2019-03-06;34,40;34,70;35,60;35,60;34,30;34,35;35,394;2220;78573,65;27;
2019-03-05;35,45;35,50;35,60;35,60;35,45;35,45;35,493;1660;58918,2;25;
2019-03-04;35,00;35,45;35,55;35,55;34,55;35,25;35,343;3026;106947,45;48;
2019-03-01;34,40;34,50;34,95;34,95;34,30;34,35;34,441;3976;136936;27;
2019-02-28;34,30;34,50;34,75;35,20;34,45;34,50;34,824;11047;384703,05;57;
2019-02-27;34,70;35,15;34,75;35,15;34,70;34,70;34,941;8268;288889,9;61;
2019-02-26;34,40;34,70;35,40;35,40;33,65;34,70;34,589;24185;836525,55;98;
2019-02-25;34,10;34,95;35,35;35,55;34,00;34,95;34,993;21388;748439,75;100;
2019-02-22;34,05;34,40;33,85;34,95;33,60;34,10;34,242;30304;1037664,5;126;
2019-02-21;33,55;33,75;33,15;33,85;33,15;33,50;33,586;13501;453449,1;115;
2019-02-20;32,60;33,45;32,80;33,80;32,40;32,60;32,599;250847;7576995,3;52;
2019-02-19;33,10;33,15;33,25;33,85;32,95;32,95;33,265;15894;528719,25;65;
2019-02-18;33,35;33,50;33,70;34,00;33,25;33,25;33,525;90015;3017727,5;213;
2019-02-15;34,65;35,65;34,75;35,90;34,25;35,75;34,332;7909;271529,35;14;
2019-02-14;34,65;34,80;36,70;36,70;34,35;34,65;34,962;45178;1579491,45;83;
2019-02-13;36,35;36,75;36,75;36,75;35,25;36,75;36,542;18498;675945,5;15;
2019-02-12;36,65;37,00;37,00;37,00;36,75;36,75;36,754;20345;747765;4;
2019-02-11;36,70;37,05;36,05;37,05;35,10;37,05;36,446;2956;107735;21;
2019-02-08;35,75;36,50;35,90;35,90;35,00;35,70;35,422;3003;106372,55;10;
2019-02-07;35,50;35,90;36,00;36,05;35,00;35,90;35,774;3371;120592,9;12;
2019-02-06;36,15;36,70;36,75;36,75;35,60;36,15;36,044;401;14453,75;6;
2019-02-05;36,05;36,70;37,00;37,00;35,60;36,75;36,46;5336;194550,85;16;
2019-02-04;36,05;37,00;37,10;37,10;35,65;36,20;35,912;1941;69705,05;11;
2019-02-01;35,75;36,95;37,00;37,10;35,65;37,10;36,81;12562;462412,45;20;
2019-01-31;36,50;36,95;37,95;37,95;35,55;36,55;37,672;2587;97457,6;7;
2019-01-30;35,95;36,60;37,00;37,00;35,05;36,50;35,552;1432;50909,8;10;
2019-01-29;36,00;36,95;36,40;37,15;35,75;37,00;35,942;899;32311,95;10;
2019-01-28;35,10;36,35;36,30;36,40;36,00;36,40;36,331;1903;69137;10;
2019-01-25;36,20;36,40;37,30;37,30;36,15;36,40;36,581;1582;57871,4;19;
2019-01-24;36,05;36,10;36,15;36,15;36,10;36,10;36,103;3858;139283,8;3;
2019-01-23;36,20;36,80;36,80;36,80;36,05;36,15;36,279;2321;84203,4;9;
2019-01-22;36,35;36,50;36,80;37,45;36,80;36,80;36,906;4127;152312,5;10;
2019-01-21;36,20;36,80;36,80;36,80;36,75;36,80;36,785;2016;74159,05;5;
2019-01-18;36,00;36,50;35,70;36,50;35,10;36,50;36,236;2796;101317,1;13;
2019-01-17;35,10;35,80;36,45;36,45;35,10;35,80;35,798;1793;64185,85;12;
2019-01-16;36,00;36,45;36,50;36,50;36,50;36,50;36,50;4;146;1;
2019-01-15;36,35;36,50;35,85;36,55;35,85;36,50;36,517;6377;232870,55;13;
2019-01-14;36,05;38,45;37,00;38,95;37,00;37,00;37,98;304;11545,8;4;
2019-01-11;35,70;37,95;37,25;37,95;37,00;37,00;37,106;1220;45268,8;8;
2019-01-10;37,20;37,95;38,00;38,00;37,60;37,60;37,631;4156;156393,5;6;
2019-01-09;37,95;38,35;37,50;38,35;37,50;38,00;37,979;172;6532,35;5;
2019-01-08;38,25;38,50;39,25;39,25;38,25;38,25;38,809;7736;300229,7;15;
2019-01-07;38,65;39,35;39,30;39,70;37,05;38,60;38,877;2693;104696,2;13;
2019-01-04;38,50;39,40;38,40;39,35;36,95;39,30;39,037;1663;64918,9;11;
2019-01-03;38,40;39,20;39,80;40,00;38,40;38,40;39,757;1378;54784,6;15;
2019-01-02;38,60;39,80;35,80;39,95;34,50;39,80;37,237;6958;259092,45;33;
2018-12-28;35,75;35,80;33,90;35,90;33,90;35,90;35,169;23955;842462,6;60;
2018-12-27;34,30;34,95;35,80;37,00;33,80;34,90;35,60;15875;559300,85;22;
2018-12-21;35,75;36,45;35,45;37,00;35,45;36,45;36,744;4671;171631,8;11;
2018-12-20;35,20;36,95;36,60;37,00;35,95;37,00;36,438;9651;351659,75;19;
2018-12-19;36,60;37,90;37,00;37,05;36,40;36,60;36,889;3862;142465,45;14;
2018-12-18;37,00;37,90;37,95;37,95;36,35;37,00;36,535;1999;73032,65;5;
2018-12-17;37,40;37,50;37,50;38,00;37,50;37,50;37,519;27528;1032829,9;31;
2018-12-14;37,70;39,25;36,45;37,65;36,45;37,65;36,56;1284;46942,7;5;
2018-12-13;36,45;37,50;36,55;37,25;36,20;37,25;36,957;11334;418870;22;
2018-12-12;36,70;36,95;37,30;37,95;37,00;37,00;37,32;5360;200035,7;22;
2018-12-11;37,30;37,55;36,95;38,10;36,95;37,40;37,781;7000;264470,1;8;
2018-12-10;37,00;37,35;37,55;37,55;37,50;37,50;37,517;3195;119865,35;13;
2018-12-07;36,85;38,00;37,00;38,00;36,50;38,00;36,826;41134;1514798,45;58;
2018-12-06;37,55;37,95;37,20;38,00;37,20;38,00;37,519;3749;140657,4;10;
2018-12-05;37,85;39,35;38,40;38,80;37,20;38,80;38,383;2060;79068,45;12;
2018-12-04;38,40;38,45;38,20;38,40;38,20;38,40;38,352;1919;73597,2;11;
2018-12-03;38,20;38,50;38,80;38,80;37,15;38,20;37,65;1705;64193,45;20;
2018-11-30;38,80;38,85;38,75;39,85;38,75;38,85;38,906;4789;186320,8;17;
2018-11-29;37,45;38,95;39,05;39,85;38,95;38,95;38,979;5927;231028,4;10;
2018-11-28;37,20;39,35;39,70;39,70;37,20;39,30;38,794;237;9194,2;10;
2018-11-27;37,20;38,95;39,30;39,75;37,15;38,90;38,758;1089;42207,2;11;
2018-11-26;39,00;39,25;38,15;39,30;38,15;39,25;39,112;1870;73138,7;9;
2018-11-23;38,15;39,25;37,65;38,15;37,60;38,15;37,707;2403;90608,75;13;
2018-11-22;37,70;37,80;37,70;38,15;37,70;38,00;38,005;3537;134422,7;15;
2018-11-21;38,30;39,35;38,50;39,85;37,20;38,05;37,963;2050;77824,8;20;
2018-11-20;38,00;39,95;40,00;40,50;37,00;38,50;38,809;63768;2434316,25;42;
2018-11-19;39,40;40,20;40,00;40,20;40,00;40,00;40,015;511;20447,5;8;
2018-11-16;40,20;40,50;;;;40,50;;;;0;
2018-11-15;40,50;40,75;41,95;41,95;40,50;40,50;41,083;7571;311040,45;18;
2018-11-14;41,00;41,40;41,50;41,50;40,40;41,00;40,667;1881;76495,1;11;
2018-11-13;40,60;41,80;41,80;41,90;41,50;41,80;41,829;1863;77927,35;13;
2018-11-12;40,55;41,55;41,95;41,95;40,40;41,55;41,125;770;31666,25;8;
2018-11-09;40,45;41,90;41,95;41,95;41,50;41,50;41,639;325;13532,5;5;
2018-11-08;41,20;41,25;40,70;41,25;39,05;41,20;40,813;3428;139905,45;19;
2018-11-07;40,40;41,35;41,40;41,40;40,25;40,35;41,20;1912;78774,3;8;
2018-11-06;40,90;41,00;40,80;42,95;40,80;41,45;41,144;444;18267,7;16;
2018-11-05;41,50;41,90;41,45;41,90;41,45;41,90;41,538;7332;304553,25;22;
2018-11-02;40,80;40,85;41,05;41,90;40,80;40,80;41,012;2349;96336,65;9;
2018-11-01;41,00;41,90;40,05;41,20;40,05;41,00;41,01;3443;141198,6;13;
2018-10-31;40,80;41,00;41,95;41,95;40,85;41,45;41,619;18433;767158,5;25;
2018-10-30;39,70;40,85;40,30;40,30;38,60;39,50;39,418;6415;252865,25;13;
2018-10-29;40,25;41,45;38,60;40,05;38,60;40,05;39,842;657;26176,3;6;
2018-10-26;38,80;39,95;38,65;40,85;38,60;40,05;39,564;5047;199680;24;
2018-10-25;39,95;40,00;40,00;40,50;38,50;39,95;39,697;10851;430756,85;26;
2018-10-24;40,20;41,00;39,50;41,00;39,50;41,00;39,744;6921;275066,15;21;
2018-10-23;39,50;39,95;40,50;41,00;39,50;40,05;40,102;1953;78319,2;14;
2018-10-22;40,00;40,95;41,00;41,00;40,00;40,90;40,77;2745;111912,75;8;
2018-10-19;41,00;42,00;40,85;41,05;40,05;41,00;40,901;2100;85892,8;10;
2018-10-18;40,00;40,85;40,00;40,95;40,00;40,85;40,321;2179;87859;14;
2018-10-17;40,40;41,00;40,00;41,00;40,00;41,00;40,816;127;5183,6;5;
2018-10-16;40,25;41,65;39,50;40,50;39,50;40,25;39,976;5600;223865,35;20;
2018-10-15;40,30;40,55;41,95;41,95;40,00;40,30;40,484;4249;172017,2;14;
2018-10-12;40,40;40,95;41,00;41,55;41,00;41,00;41,082;2958;121520,1;16;
2018-10-11;41,20;41,90;40,25;41,20;40,25;41,20;40,87;26591;1086770,25;36;
2018-10-10;41,05;42,00;42,20;42,40;42,20;42,20;42,204;2653;111967,2;17;
2018-10-09;42,20;42,30;42,45;43,15;41,60;42,20;42,157;4990;210363,25;22;
2018-10-08;42,20;42,85;43,25;43,25;41,25;42,40;42,286;4875;206145,8;23;
2018-10-05;42,80;43,10;43,00;43,35;42,80;42,80;43,053;8579;369354,25;25;
2018-10-04;42,65;42,90;42,95;43,15;42,55;43,00;42,765;6112;261381,85;21;
2018-10-03;42,90;43,00;42,15;43,25;42,10;43,10;42,618;18940;807181,2;58;
2018-10-02;42,00;42,15;41,95;42,10;41,70;42,10;42,001;10370;435549,9;31;
2018-10-01;42,00;42,45;41,95;42,50;41,15;42,00;42,209;11389;480719,35;34;
2018-09-28;41,70;42,35;41,45;42,85;41,45;42,00;41,898;22169;928845,7;43;
2018-09-27;41,25;41,50;40,15;42,40;40,15;41,50;41,761;36276;1514931,45;88;
2018-09-26;40,90;41,70;40,95;41,50;40,90;41,50;41,16;4812;198063,95;15;
2018-09-25;40,70;40,95;40,35;40,95;40,35;40,95;40,632;6144;249641,25;17;
2018-09-24;40,35;40,95;39,35;41,00;39,35;40,45;40,103;378663;15185317,25;18;
2018-09-21;39,65;40,40;40,85;40,95;38,80;40,40;39,679;21056;835482,45;77;
2018-09-20;39,50;40,40;40,00;40,00;39,50;40,00;39,56;2127;84144,9;7;
2018-09-19;39,80;40,35;40,55;41,20;39,80;39,80;40,209;10973;441208,35;30;
2018-09-18;40,60;41,00;41,25;41,25;40,50;40,50;40,804;7066;288321,4;17;
2018-09-17;41,00;41,40;40,90;41,85;40,90;41,30;41,082;1633;67087,3;18;
2018-09-14;41,70;41,85;42,00;42,20;40,70;41,80;41,146;1219;50156,35;13;
2018-09-13;41,00;42,10;41,20;42,20;41,20;41,30;41,78;521;21767,6;9;
2018-09-12;41,55;42,35;42,00;42,00;41,35;41,60;41,538;3205;133127,8;10;
2018-09-11;41,55;42,45;41,65;42,45;41,65;42,45;41,828;2055;85956,55;11;
2018-09-10;41,80;42,70;41,55;42,70;41,55;42,50;42,292;3910;165360,2;12;
2018-09-07;41,90;42,80;42,15;42,80;41,60;42,80;41,805;4220;176417,5;14;
2018-09-06;43,15;43,30;42,05;43,15;41,65;43,15;42,38;11036;467701;40;
2018-09-05;42,20;43,00;43,60;43,60;42,30;43,00;43,211;1620;70002,4;12;
2018-09-04;42,45;42,80;42,80;42,80;42,25;42,45;42,464;402;17070,6;7;
2018-09-03;43,00;43,20;42,95;43,00;42,25;43,00;42,96;8131;349309,75;25;
2018-08-31;42,90;43,20;41,60;43,15;41,60;43,15;42,717;11112;474669,15;31;
2018-08-30;41,85;42,00;42,60;43,20;41,80;42,50;42,323;14011;592986,25;41;
2018-08-29;42,60;42,95;43,25;43,65;43,00;43,00;43,054;11236;483754,2;43;
2018-08-28;43,40;43,95;43,05;43,40;42,25;43,40;43,114;9421;406175,75;29;
2018-08-27;43,05;43,10;43,25;43,40;43,00;43,15;43,249;3898;168585,45;23;
2018-08-24;43,20;43,35;43,70;43,70;42,25;43,20;42,731;15473;661170,05;27;
2018-08-23;42,55;43,00;43,00;43,70;41,15;43,70;42,01;110246;4631472,85;67;
2018-08-22;42,50;43,20;42,35;43,20;42,00;43,00;42,556;11710;498330,85;46;
2018-08-21;42,75;43,30;42,25;43,60;42,25;43,40;42,913;24797;1064114,35;61;
2018-08-20;43,20;43,40;43,00;43,40;43,00;43,40;43,121;9424;406373,75;27;
2018-08-17;42,20;43,00;43,10;43,10;43,00;43,00;43,009;2766;118963,5;8;
2018-08-16;42,55;43,40;43,95;44,00;42,00;43,10;42,942;16252;697891,75;42;
2018-08-15;41,65;42,35;43,00;43,00;41,40;42,35;42,25;4831;204108,5;17;
2018-08-14;42,40;42,95;42,85;42,95;42,00;42,90;42,207;2653;111973,8;12;
2018-08-13;42,50;43,15;42,45;43,15;42,45;43,10;42,966;521;22385,15;7;
2018-08-10;43,00;43,40;42,05;43,50;42,05;43,45;43,319;1530;66277,35;13;
2018-08-09;43,50;43,95;43,45;43,95;42,60;43,95;43,497;338;14702,1;10;
2018-08-08;43,10;43,55;43,60;43,60;42,10;43,55;43,166;591;25510,95;9;
2018-08-07;43,60;44,00;43,25;44,45;43,20;43,60;43,303;1482;64175,65;11;
2018-08-06;43,10;44,00;42,55;44,05;42,50;43,05;43,512;3931;171046,7;17;
2018-08-03;42,95;44,10;42,55;44,55;42,35;44,05;42,745;3016;128918,6;18;
2018-08-02;42,50;43,60;42,75;44,90;42,70;43,65;42,74;1141;48765,9;6;
2018-08-01;43,50;44,00;44,00;44,35;42,65;44,00;43,722;436;19062,8;10;
2018-07-31;44,00;44,30;42,65;44,30;42,65;44,30;43,981;9271;407751,75;22;
2018-07-30;44,00;44,35;43,00;44,00;43,00;44,00;43,608;3300;143905,2;7;
2018-07-27;43,25;44,10;44,00;44,20;43,10;44,10;43,786;903;39538,6;11;
2018-07-26;42,70;44,00;43,55;44,10;42,55;43,50;43,064;13678;589028,8;44;
2018-07-25;44,05;44,20;44,45;44,45;44,05;44,05;44,23;2766;122339,05;15;
2018-07-24;44,05;44,45;43,75;44,05;43,75;44,05;44,044;1443;63555,75;12;
2018-07-23;44,05;44,25;43,75;44,30;43,75;44,30;44,111;5364;236608,5;12;
2018-07-20;44,05;44,15;44,00;44,15;44,00;44,05;44,045;1943;85579,15;12;
2018-07-19;44,05;44,10;44,30;44,30;42,60;44,10;43,962;5686;249967,7;19;
2018-07-18;44,20;44,30;44,00;44,80;44,00;44,30;44,154;6717;296579,35;20;
2018-07-17;44,00;44,05;43,00;44,05;42,05;44,00;43,791;11223;491465,8;33;
2018-07-16;43,00;43,45;44,00;44,00;42,05;43,00;42,411;2651;112431,05;18;
2018-07-13;43,90;44,00;43,50;44,00;43,15;44,00;43,856;1081;47407,85;9;
2018-07-12;43,50;44,00;43,10;44,00;42,50;44,00;43,482;6475;281547,65;23;
2018-07-11;42,80;43,85;44,00;44,00;41,95;43,00;42,035;5424;227996,75;10;
2018-07-10;43,90;44,05;42,30;44,10;42,30;44,05;43,796;4581;200628,2;20;
2018-07-09;43,90;44,00;44,00;44,00;43,90;44,00;43,962;1705;74954,4;15;
2018-07-06;44,05;44,10;44,00;44,05;44,00;44,05;44,023;2954;130045,2;11;
2018-07-05;43,25;43,80;43,25;44,00;43,25;43,90;43,662;4111;179494,65;14;
2018-07-04;43,20;44,00;43,20;44,00;43,20;44,00;43,804;1293;56638,4;7;
2018-07-03;43,80;44,60;41,15;44,60;41,15;44,00;43,472;2558;111201,2;20;
2018-07-02;43,00;43,40;43,40;43,40;41,05;43,00;42,814;10245;438632,85;22;
2018-06-29;43,40;43,50;42,05;43,40;42,00;43,40;42,82;6740;288605,45;27;
2018-06-28;42,05;43,05;43,35;43,35;42,05;43,05;42,653;2233;95244,85;8;
2018-06-27;42,85;43,35;42,00;42,80;40,20;42,80;41,90;10918;457463,1;38;
2018-06-26;41,65;42,00;40,50;42,00;40,00;42,00;40,687;23240;945557,45;52;
2018-06-25;40,50;40,75;42,00;42,30;40,30;40,50;40,839;31061;1268511,7;57;
2018-06-21;41,90;42,20;41,65;43,15;41,15;42,75;41,854;4469;187044,4;22;
2018-06-20;42,25;42,90;42,00;43,00;42,00;43,00;42,422;6935;294193,35;24;
2018-06-19;42,10;42,95;42,95;42,95;41,60;42,10;42,089;5272;221893;20;
2018-06-18;42,65;42,85;43,95;43,95;42,00;42,95;43,119;2825;121810,3;20;
2018-06-15;42,60;43,20;44,55;44,55;42,60;43,25;43,646;4854;211857;18;
2018-06-14;43,70;44,00;43,95;44,05;43,50;44,00;43,95;11202;492330,2;25;
2018-06-13;43,05;43,95;45,00;45,20;43,05;43,05;44,02;17906;788226,95;48;
2018-06-12;43,50;44,00;42,10;44,25;42,10;44,00;43,617;26260;1145378,7;35;
2018-06-11;42,80;43,25;41,65;43,95;41,65;43,50;42,808;63569;2721277,3;33;
2018-06-08;43,80;44,05;43,90;44,00;42,90;43,75;43,644;15845;691533,85;31;
2018-06-07;43,25;43,90;43,50;44,00;43,20;43,90;43,678;3559;155448,05;20;
2018-06-05;43,00;43,10;43,00;43,50;42,95;43,10;43,187;10050;434024,05;35;
2018-06-04;42,65;43,00;42,60;43,00;42,00;43,00;42,733;10110;432035,15;58;
2018-06-01;42,05;42,85;42,00;42,95;41,20;42,50;42,624;9040;385318;40;
2018-05-31;42,40;42,75;42,60;42,90;42,00;42,00;42,23;56727;2396390,5;67;
2018-05-30;42,00;42,55;40,25;42,60;40,25;42,60;42,009;31772;1334716,85;40;
2018-05-29;40,25;40,75;40,30;41,95;40,00;40,80;40,444;790;31950,4;13;
2018-05-28;40,80;41,25;40,50;41,50;40,50;41,00;40,954;12858;526579,85;23;
2018-05-25;40,95;41,25;41,95;41,95;40,65;40,95;41,017;4076;167186,6;16;
2018-05-24;40,30;40,40;40,65;40,65;40,30;40,40;40,48;6323;255952,3;13;
2018-05-23;40,35;40,95;41,00;41,25;40,05;40,40;40,638;4921;199978,65;19;
2018-05-22;40,40;40,95;40,40;41,00;39,90;41,00;40,17;50783;2039972,25;24;
2018-05-21;39,55;40,35;39,70;40,40;39,70;40,40;40,144;9284;372696;35;
2018-05-18;39,60;39,70;40,00;40,00;39,60;39,70;39,733;2708;107596,15;11;
2018-05-17;39,65;40,10;40,00;40,15;39,50;39,60;39,624;10295;407925;22;
2018-05-16;39,75;40,40;40,80;40,80;39,35;40,35;40,003;32799;1312065,6;57;
2018-05-15;39,60;40,45;40,30;41,05;39,15;40,80;40,22;35451;1425844,2;80;
2018-05-14;40,50;40,80;40,50;40,50;39,35;40,00;40,332;2927;118051,2;15;
2018-05-11;39,60;40,00;39,85;40,00;39,70;40,00;39,975;4812;192360,6;26;
2018-05-09;39,80;40,00;39,75;40,00;39,75;40,00;39,949;6829;272810;17;
2018-05-08;39,70;40,00;40,00;40,00;39,35;40,00;39,69;21959;871540,65;24;
2018-05-07;39,70;40,00;39,35;40,00;39,35;39,70;39,898;5864;233961,9;16;
2018-05-04;39,35;40,00;40,20;40,65;39,00;40,25;40,045;10409;416825,15;29;
2018-05-03;40,00;40,10;40,00;40,00;39,80;40,00;39,814;17677;703797,05;26;
2018-05-02;39,90;40,30;39,00;40,50;39,00;40,10;40,152;40872;1641107,1;14;
2018-04-30;40,00;40,15;39,80;39,95;39,15;39,80;39,815;2807;111761,6;16;
2018-04-27;39,80;40,30;40,45;40,45;39,80;40,15;40,138;6155;247050,5;36;
2018-04-26;40,30;40,90;39,10;40,90;39,05;39,80;40,109;7734;310202,25;29;
2018-04-25;39,10;39,40;39,25;40,05;39,10;39,40;39,766;8713;346483,65;23;
2018-04-24;39,05;40,00;39,00;40,00;38,75;39,05;39,697;20643;819454,2;40;
2018-04-23;38,70;39,00;38,40;39,50;38,40;39,00;39,36;119936;4720646,15;105;
2018-04-20;38,70;39,00;39,00;39,95;38,80;38,80;39,20;15908;623598,55;26;
2018-04-19;38,60;39,00;38,45;39,00;38,45;39,00;38,661;8186;316475;17;
2018-04-18;38,40;40,00;40,00;40,00;38,40;38,40;39,41;2681;105658,3;7;
2018-04-17;39,30;39,95;40,95;40,95;38,45;38,85;39,886;3310;132023,9;19;
2018-04-16;38,70;40,95;38,30;39,00;38,30;39,00;38,599;2407;92906,75;14;
2018-04-13;38,30;38,90;38,15;39,00;38,15;38,90;38,453;1280;49219,5;20;
2018-04-12;38,60;38,80;38,20;38,95;38,20;38,80;38,791;78826;3057749,5;12;
2018-04-11;38,75;39,50;39,90;39,95;38,10;38,85;38,716;3880;150216,9;15;
2018-04-10;39,90;40,00;39,00;40,15;39,00;39,90;39,777;13689;544505,75;42;
2018-04-09;38,95;39,00;39,35;39,90;37,95;39,90;38,97;30563;1191047,5;78;
2018-04-06;38,70;39,25;38,65;39,75;38,60;39,25;38,939;2782;108328,15;22;
2018-04-05;39,10;39,45;38,85;39,55;38,75;39,45;39,008;4609;179788,5;20;
2018-04-04;38,80;39,00;38,95;39,05;38,70;38,80;38,851;2922;113522,65;21;
2018-04-03;39,05;39,30;39,60;39,60;39,00;39,00;39,18;4830;189238,65;16;
2018-03-29;39,65;39,80;39,75;39,80;39,05;39,65;39,624;3722;147480,3;20;
2018-03-28;39,25;39,75;38,55;39,75;38,55;39,75;39,077;2464;96284,95;13;
2018-03-27;39,95;40,00;38,05;39,95;38,05;39,95;39,504;9591;378886,2;44;
2018-03-26;38,65;39,50;39,40;39,50;38,15;39,50;39,107;8886;347503;38;
2018-03-23;39,40;39,70;39,60;39,70;38,50;39,40;39,144;5431;212588,45;39;
2018-03-22;39,60;41,00;41,20;41,55;39,55;39,55;41,28;10305;425390,05;28;
2018-03-21;40,40;41,20;41,55;41,60;40,05;41,20;41,364;4862;201111,75;30;
2018-03-20;40,70;41,40;41,50;41,50;38,55;41,45;41,236;2622;108121,2;25;
2018-03-19;41,00;41,40;41,70;42,90;41,40;41,40;42,594;16570;706036,8;91;
2018-03-16;41,60;41,70;40,40;41,70;39,75;41,70;40,983;42538;1743338,8;141;
2018-03-15;39,50;39,85;39,60;39,95;39,50;39,50;39,639;41914;1659617,85;63;
2018-03-14;39,10;39,50;38,50;39,60;38,50;39,45;38,858;84554;3285604,85;156;
2018-03-13;38,40;38,45;38,10;38,80;38,10;38,40;38,333;22727;871188,3;34;
2018-03-12;38,65;38,75;38,50;38,80;38,20;38,65;38,73;31955;1237616,7;51;
2018-03-09;38,75;39,20;39,20;39,20;38,75;38,75;39,066;1520;59380,05;11;
2018-03-08;39,00;39,20;38,75;39,50;38,60;39,00;38,998;8003;312098,15;18;
2018-03-07;39,00;39,55;39,30;39,50;38,25;39,50;39,072;4379;171095,8;27;
2018-03-06;39,30;40,20;39,70;40,45;39,00;39,30;39,682;13281;527018,5;42;
2018-03-05;39,70;39,75;38,00;39,80;38,00;39,70;39,162;11787;461597,55;55;
2018-03-02;37,70;37,90;37,80;37,85;37,50;37,70;37,69;3714;139982,2;25;
2018-03-01;37,50;38,35;38,55;38,65;38,00;38,15;38,225;7664;292956,1;32;
2018-02-28;38,85;39,00;39,35;40,50;38,85;38,85;39,266;6780;266225,45;27;
2018-02-27;39,30;39,50;39,50;39,65;39,10;39,30;39,418;1409;55540,35;18;
2018-02-26;39,45;39,50;40,25;40,40;39,20;39,45;40,042;3473;139065,55;36;
2018-02-23;40,20;40,75;41,15;41,30;39,90;40,20;40,732;11077;451189,1;39;
2018-02-22;39,95;41,15;41,50;41,55;39,95;41,15;40,762;4776;194679,6;21;
2018-02-21;41,45;41,50;41,55;41,65;39,90;41,45;40,965;29040;1189619,55;68;
2018-02-20;41,40;41,55;41,40;41,55;41,30;41,55;41,411;17472;723085,54;27;
2018-02-19;41,35;41,40;41,15;41,45;41,15;41,35;41,267;3710;153204,1;19;
2018-02-16;41,15;41,25;40,05;41,25;40,05;41,15;40,758;8415;342980;44;
2018-02-15;40,00;40,05;39,85;40,00;39,50;40,00;39,917;3276;130768,15;19;
2018-02-14;39,85;40,20;39,60;40,15;39,60;39,85;39,901;4682;186815,4;24;
2018-02-13;39,80;40,05;39,25;40,00;39,25;39,60;39,751;2695;107128;12;
2018-02-12;40,30;40,35;40,10;40,35;40,10;40,30;40,26;2441;98275,35;18;
2018-02-09;40,10;40,20;39,80;40,15;39,65;40,10;39,81;10830;431117,6;36;
2018-02-08;40,05;40,10;39,80;40,10;39,80;40,05;39,967;6300;251792,65;28;
2018-02-07;39,80;39,85;39,05;39,80;39,05;39,80;39,375;5570;219317,15;45;
2018-02-06;39,15;39,50;39,30;39,55;39,00;39,10;39,345;16189;636962,2;68;
2018-02-05;39,55;39,95;41,15;41,15;39,40;39,55;39,982;10400;415816,5;52;
2018-02-02;41,15;41,20;40,65;41,15;40,50;41,15;40,81;94173;3843217,4;28;
2018-02-01;41,05;41,75;41,45;41,70;40,55;41,05;41,363;51135;2120581,6;38;
2018-01-31;40,65;41,25;41,95;42,10;41,25;41,50;41,641;36982;1539980,55;55;
2018-01-30;41,85;42,00;41,80;41,95;41,40;41,95;41,831;12608;527399,9;30;
2018-01-29;41,70;41,85;41,35;41,85;41,35;41,80;41,672;4068;169520,7;36;
2018-01-26;41,30;41,40;40,40;42,95;40,40;41,35;40,823;28473;1162344,35;58;
2018-01-25;40,30;40,50;41,00;41,00;40,30;40,30;40,587;7968;323395,6;29;
2018-01-24;41,00;41,25;41,25;41,25;40,65;41,00;40,89;8978;367113,75;27;
2018-01-23;41,20;41,30;41,55;41,55;41,20;41,30;41,333;12259;506703,9;34;
2018-01-22;41,40;41,70;40,80;42,00;40,75;41,40;41,682;15838;660153,8;62;
2018-01-19;40,70;41,15;41,90;41,90;40,70;40,75;41,177;8513;350543,45;40;
2018-01-18;41,90;42,00;41,00;42,75;40,80;41,90;41,844;22455;939611,35;77;
2018-01-17;41,00;41,10;41,10;41,20;40,65;41,00;40,918;10194;417113,4;29;
2018-01-16;41,45;41,75;41,90;42,00;41,20;41,45;41,632;25071;1043751,9;94;
2018-01-15;41,90;42,00;38,40;42,50;37,95;41,85;40,711;131376;5348387,65;319;
2018-01-12;38,40;38,50;38,65;38,75;38,40;38,40;38,587;11564;446215,35;29;
2018-01-11;38,50;38,95;39,25;40,00;38,55;38,60;39,20;22097;866116,05;78;
2018-01-10;38,55;38,70;37,85;38,70;37,75;38,55;38,126;8206;312859,75;39;
2018-01-09;38,05;38,75;39,15;39,20;37,95;38,70;38,588;3992;154043,75;30;
2018-01-08;38,70;39,30;38,45;39,25;38,00;39,15;38,742;35738;1383131,58;79;
2018-01-05;38,10;38,30;38,65;38,75;38,00;38,45;38,057;7384;281011,1;20;
2018-01-04;38,15;38,70;38,70;38,80;38,00;38,65;38,478;6727;258840,95;35;
2018-01-03;38,70;38,75;38,40;38,70;38,40;38,70;38,495;6274;241514,3;23;
2018-01-02;38,00;38,20;38,05;38,30;37,80;38,30;38,061;3072;116921,95;31;
2017-12-29;37,80;38,20;37,50;39,30;37,50;37,80;38,541;12584;484998,6;55;
2017-12-28;38,90;39,00;38,00;39,30;37,30;39,30;38,471;10890;418953,6;60;
2017-12-27;39,00;39,20;36,30;39,20;36,30;39,20;38,217;70492;2605324,1;116;
2017-12-22;35,70;36,60;36,30;36,70;35,70;36,60;36,347;64271;2336051,3;71;
2017-12-21;36,10;36,20;35,40;36,70;35,40;36,30;36,057;43417;1565491,7;93;
2017-12-20;35,80;36,80;36,40;36,90;36,10;36,90;36,543;39642;1448650,2;136;
2017-12-19;36,40;36,50;36,00;37,20;35,90;36,40;36,447;75496;2751617,8;108;
2017-12-18;35,90;36,00;36,00;36,40;35,10;36,00;35,912;40220;1444360,8;89;
2017-12-15;36,30;37,00;36,80;37,00;34,20;36,30;35,079;237214;8321168,4;135;
2017-12-14;36,70;37,00;37,40;37,40;36,00;37,00;36,981;8159;301731;26;
2017-12-13;37,10;37,40;37,10;37,70;37,10;37,40;37,421;22809;853536,7;40;
2017-12-12;37,70;37,80;38,30;38,40;37,20;37,70;37,748;30812;1163104,6;50;
2017-12-11;37,70;38,30;39,20;39,20;37,60;38,30;38,635;24286;940013,8;61;
2017-12-08;39,30;39,80;40,00;40,00;38,30;39,20;39,562;5669;224277,8;16;
2017-12-07;40,00;40,10;39,30;40,00;38,60;40,00;39,581;5066;200515;32;
2017-12-06;39,20;39,60;38,60;39,10;37,90;39,10;38,036;88181;3354041,6;44;
2017-12-05;38,50;39,20;39,50;39,50;38,50;38,50;39,203;8166;320131,1;20;
2017-12-04;38,80;39,50;40,00;40,10;38,70;39,50;39,545;13750;543743;41;
2017-12-01;39,80;40,00;40,00;40,50;39,80;40,00;40,07;7926;317634,3;45;
2017-11-30;39,50;39,70;38,70;40,00;38,70;39,70;39,566;16408;649204,7;71;
2017-11-29;38,50;38,90;38,90;39,50;37,40;37,50;38,236;2856;109201,9;19;
2017-11-28;38,30;38,90;40,00;40,10;38,10;38,90;39,336;16280;640387;56;
2017-11-27;37,70;39,00;38,20;39,10;36,90;37,80;37,918;11077;420020,2;28;
2017-11-24;38,00;38,10;38,00;38,20;37,50;38,20;37,912;4161;157752,3;29;
2017-11-23;38,00;38,50;38,50;38,90;37,20;38,00;38,473;55865;2149282,4;57;
2017-11-22;38,50;39,00;39,40;39,70;38,50;38,50;39,259;24493;960474,9;78;
2017-11-21;39,10;40,00;39,50;40,20;38,20;39,00;39,873;53361;2126561,9;127;
2017-11-20;39,90;40,00;41,00;41,10;39,00;39,90;40,097;15714;630179,1;82;
2017-11-17;38,50;39,50;40,10;40,20;38,50;40,00;39,055;10898;425162;53;
2017-11-16;39,90;40,00;39,90;40,00;39,80;40,00;39,969;15659;625871,6;56;
2017-11-15;39,00;39,80;41,60;42,10;39,00;39,80;40,317;6731426;246015973,1;218;
2017-11-14;38,80;39,00;39,90;40,00;38,70;39,00;39,458;21805;860391;36;
2017-11-13;39,30;40,60;41,00;41,00;39,20;40,00;40,311;7065;283791,8;42;
2017-11-10;40,00;40,50;40,80;40,80;39,50;40,50;40,292;2696;108626,2;19;
2017-11-09;40,70;40,80;40,50;40,80;40,50;40,80;40,696;4906;199656,7;41;
2017-11-08;39,80;40,50;41,40;41,40;39,60;40,30;40,229;6253;251554,2;39;
2017-11-07;40,70;41,00;40,30;41,20;40,20;41,20;40,737;17476;711913,7;66;
2017-11-06;40,20;40,30;39,50;40,50;39,50;40,20;40,055;24478;980422,7;107;
2017-11-03;38,80;39,10;38,70;39,00;38,60;38,80;38,702;136504;5283017;26;
2017-11-02;38,70;39,00;37,00;39,50;37,00;38,70;38,861;39506;1535254,4;140;
2017-11-01;37,00;37,40;34,80;38,20;34,00;37,10;34,92;43872;1531996,9;140;
2017-10-31;34,10;34,80;35,50;35,60;33,50;34,80;34,701;40130;1392559,1;56;
2017-10-30;35,20;35,30;35,20;35,60;34,00;35,00;35,084;23634;829163,7;83;
2017-10-27;34,80;35,20;34,60;36,60;33,60;34,60;34,941;12498;436649,65;72;
2017-10-26;33,10;33,40;35,00;35,00;34,00;34,50;34,219;17089;584763,5;47;
2017-10-25;34,80;35,00;35,90;35,90;34,80;35,00;35,153;3862;135761,7;28;
2017-10-24;35,20;35,80;36,60;36,60;34,50;35,20;35,117;8797;308926;49;
2017-10-23;35,00;35,10;35,90;35,90;35,00;35,50;35,41;2537;89834,2;28;
2017-10-20;35,80;36,00;36,60;36,60;35,30;35,80;36,213;14830;537044,6;50;
2017-10-19;36,80;37,50;36,60;36,80;36,10;36,80;36,451;19300;703507,3;37;
2017-10-18;36,60;37,00;37,80;38,00;36,60;36,70;37,109;32244;1196552,3;36;
2017-10-17;37,70;38,00;39,00;39,00;37,50;37,70;37,987;6569;249534,2;18;
2017-10-16;38,00;38,50;39,00;39,00;38,10;39,00;38,532;53368;2056375,4;39;
2017-10-13;38,50;38,90;39,00;39,50;38,10;38,50;38,62;14596;563696,7;55;
2017-10-12;38,10;38,50;37,80;38,70;37,80;38,10;38,151;6839;260915,6;50;
2017-10-11;37,70;37,80;37,20;38,00;35,10;37,70;37,356;4014;149550,7;44;
2017-10-10;37,00;37,40;37,50;37,50;37,00;37,20;37,185;1289;47931,5;13;
2017-10-09;37,00;37,50;36,80;41,00;36,70;37,40;37,756;5803;219096,3;65;
2017-10-06;36,80;37,50;37,00;37,50;36,30;36,80;37,33;77878;2907213,4;53;
2017-10-05;37,20;37,30;36,30;37,20;36,20;37,20;36,694;16853;618999,8;59;
2017-10-04;36,30;36,80;37,70;37,80;36,10;36,30;36,791;26356;969654,6;87;
2017-10-03;37,70;37,80;38,00;38,10;37,70;37,70;37,952;13625;517093,1;61;
2017-10-02;38,10;38,30;38,60;38,60;38,00;38,00;38,361;34695;1330941,4;57;
2017-09-29;38,40;38,60;38,60;39,20;38,40;38,60;38,646;32553;1258041;74;
2017-09-28;38,70;39,30;39,50;40,00;38,10;38,60;39,64;58743;2328575,9;74;
2017-09-27;39,30;39,80;39,60;39,80;39,30;39,30;39,557;8177;323459,3;48;
2017-09-26;39,00;39,50;40,40;40,40;39,00;39,50;39,32;48628;1912044,5;97;
2017-09-25;40,20;40,50;40,50;40,60;40,20;40,20;40,469;6212;251390,6;48;
2017-09-22;39,50;40,50;39,00;40,60;38,50;40,50;39,645;10320;409131,3;50;
2017-09-21;39,10;39,50;39,50;39,70;38,60;39,40;39,185;48192;1888381,9;127;
2017-09-20;39,40;39,90;40,40;40,70;39,20;39,50;39,714;51004;2025577,9;139;
2017-09-19;40,60;41,70;42,10;42,40;40,90;41,10;41,76;6583;274906,9;35;
2017-09-18;42,00;42,10;42,30;42,30;40,60;42,00;41,78;8266;345351,5;35;
2017-09-15;42,10;42,30;42,80;43,00;42,10;42,30;42,542;3018;128390,8;18;
2017-09-14;42,50;42,80;42,90;43,00;42,30;42,80;42,633;28728;1224763,3;40;
2017-09-13;42,90;43,60;41,70;44,00;41,70;43,00;42,899;72889;3131788,3;78;
2017-09-12;41,70;41,80;40,80;42,40;40,70;41,70;41,273;4294;177225,6;46;
2017-09-11;40,50;40,70;40,50;40,70;40,30;40,50;40,395;4362;176202,3;27;
2017-09-08;40,30;41,00;41,00;41,00;40,20;41,00;40,417;86640;3501685,2;43;
2017-09-07;39,60;40,40;40,00;40,70;39,50;40,40;40,035;4503;180277;36;
2017-09-06;40,00;40,40;41,00;41,00;39,60;40,00;40,009;13502;540195,9;53;
2017-09-05;40,30;40,90;40,10;41,00;40,00;41,00;40,269;99606;4011068,65;48;
2017-09-04;40,10;40,80;41,10;41,30;40,00;40,10;40,587;4980;202121,5;49;
2017-09-01;41,00;41,40;41,20;41,60;41,00;41,00;41,23;3193;131647,7;41;
2017-08-31;41,10;41,80;42,00;42,30;41,10;41,10;41,438;2032;84201,9;26;
2017-08-30;41,40;42,60;42,70;43,00;41,10;42,00;42,23;6882;290626,1;44;
2017-08-29;42,50;42,90;43,50;43,50;42,50;42,70;42,949;722;31009,2;17;
2017-08-28;42,60;42,80;42,60;42,90;42,50;42,60;42,687;5300;226243,2;46;
2017-08-25;42,50;42,90;42,40;43,40;42,00;42,50;42,54;4077;173436,1;53;
2017-08-24;42,70;43,50;44,20;44,30;42,30;42,30;43,819;1555;68139,2;30;
2017-08-23;43,70;44,10;43,60;44,50;42,20;44,10;43,861;6811;298740,3;77;
2017-08-22;42,40;43,80;43,90;44,00;41,10;43,10;42,228;225497;9522307,9;104;
2017-08-21;43,00;43,70;42,40;43,90;42,40;43,70;43,58;15367;669697,8;117;
2017-08-18;40,80;42,00;41,80;41,80;40,80;40,80;41,217;6811;280729,6;52;
2017-08-17;42,00;42,30;42,10;42,50;42,00;42,00;42,104;60729;2556932,3;43;
2017-08-16;43,00;43,60;44,00;44,00;41,90;43,00;42,694;84456;3605748,8;41;
2017-08-15;43,00;43,90;44,00;44,00;41,50;43,90;41,808;109422;4574747,7;222;
2017-08-14;45,70;46,00;45,70;46,20;44,90;45,70;45,436;63468;2883742,5;54;
2017-08-11;44,90;46,30;44,10;46,50;43,60;45,70;44,375;4673;207366,3;48;
2017-08-10;44,70;44,90;44,50;44,90;44,50;44,80;44,613;1453;64822,2;24;
2017-08-09;44,30;44,90;45,20;45,20;44,20;44,20;44,88;4118;184814,9;45;
2017-08-08;45,10;45,80;46,50;46,50;45,10;45,20;45,677;811;37043,8;15;
2017-08-07;45,50;46,00;45,00;45,50;44,50;45,50;45,122;1369;61772;26;
2017-08-04;45,00;45,20;44,60;45,10;44,60;45,00;44,864;2148;96366,9;22;
2017-08-03;44,80;45,20;45,20;45,20;44,00;44,50;44,585;4309;192118,7;36;
2017-08-02;45,20;45,70;45,20;45,70;44,20;45,20;45,067;7985;359859,5;64;
2017-08-01;45,30;46,50;45,70;46,80;45,00;45,10;46,028;2134;98224,5;51;
2017-07-31;45,60;47,00;45,90;47,80;45,60;45,60;46,572;3415;159043,6;45;
2017-07-28;45,90;46,00;46,80;47,70;45,90;45,90;46,644;6265;292225,4;35;
2017-07-27;46,80;47,40;47,00;47,70;46,00;46,80;47,175;2686;126711,2;48;
2017-07-26;46,40;47,50;46,00;47,00;45,70;46,40;46,33;2015;93354,3;35;
2017-07-25;45,90;46,30;45,80;46,30;45,70;45,90;45,761;6788;310623,3;50;
2017-07-24;45,80;46,00;46,00;46,50;45,70;45,80;45,992;9510;437386,2;60;
2017-07-21;46,50;46,90;47,00;47,10;46,00;46,50;46,551;9483;441446,7;46;
2017-07-20;47,10;47,40;47,10;47,30;47,10;47,30;47,117;8975;422875,3;81;
2017-07-19;47,30;47,50;47,20;47,70;47,10;47,30;47,49;6112;290260,2;40;
2017-07-18;48,00;48,20;48,50;48,50;47,50;48,00;47,828;3863;184759;36;
2017-07-17;47,70;48,00;45,60;48,40;45,60;47,70;47,322;2720;128715,3;38;
2017-07-14;48,00;48,70;47,10;48,70;47,10;48,70;48,043;1670;80232,3;28;
2017-07-13;48,00;48,80;48,50;48,90;48,00;48,00;48,026;2235;107337,1;30;
2017-07-12;48,30;48,90;46,70;48,90;46,70;48,00;48,143;2306;111017,6;36;
2017-07-11;48,00;48,90;47,60;48,80;47,60;48,00;48,105;4063;195448,5;67;
2017-07-10;48,00;48,30;47,50;48,50;47,50;48,00;47,943;4127;197859,2;71;
2017-07-07;47,40;47,70;47,30;48,00;46,60;47,40;47,343;5524;261523,3;50;
2017-07-06;47,30;47,80;46,50;48,50;46,50;47,30;47,802;24592;1175537,3;82;
2017-07-05;48,50;48,60;48,50;49,00;48,00;48,50;48,589;12509;607793,7;53;
2017-07-04;48,70;48,90;48,60;48,90;48,60;48,70;48,745;5095;248357,8;44;
2017-07-03;48,60;48,70;48,00;48,90;47,50;48,60;48,289;5519;266507,9;67;
2017-06-30;48,50;48,70;49,00;49,00;47,90;48,50;48,366;6544;316505,3;64;
2017-06-29;49,00;49,20;48,90;49,50;48,00;49,00;48,931;6798;332633,5;42;
2017-06-28;48,00;48,40;49,00;49,00;47,00;48,00;48,067;33436;1607166,2;142;
2017-06-27;48,90;49,00;48,50;49,20;48,50;49,00;48,785;2852;139135,9;29;
2017-06-26;48,50;49,90;49,20;50,00;48,50;48,60;49,311;21162;1043511,5;163;
2017-06-22;50,00;50,75;50,50;50,50;49,50;50,00;50,193;7321;367459,55;41;
2017-06-21;50,75;51,00;51,00;51,00;49,60;50,75;50,607;4940;249999,8;31;
2017-06-20;50,50;50,75;50,75;50,75;50,00;50,50;50,473;27472;1386586;47;
2017-06-19;49,70;50,00;50,50;50,50;49,70;50,00;50,306;11012;553973,2;71;
2017-06-16;50,50;50,75;51,25;51,25;50,00;50,50;50,725;162113;8223129,25;53;
2017-06-15;51,00;51,25;50,75;52,00;50,75;51,25;50,934;114493;5831548,25;222;
2017-06-14;50,50;51,00;50,00;51,00;49,70;50,50;50,454;15132;763472,9;57;
2017-06-13;50,75;51,00;49,90;51,00;49,90;50,75;50,442;10823;545935,15;41;
2017-06-12;49,80;50,25;50,50;50,50;49,90;49,90;50,081;3116;156050,9;50;
2017-06-09;50,00;50,25;50,50;50,50;50,00;50,50;50,264;5545;278714;36;
2017-06-08;50,00;50,50;51,00;51,25;50,00;50,50;50,606;7516;380350,75;51;
2017-06-07;51,00;51,25;52,25;52,25;50,75;51,00;51,057;25476;1300721;87;
2017-06-05;52,00;52,75;52,00;53,00;52,00;52,00;52,481;16616;872025;56;
2017-06-02;52,00;53,00;52,50;53,00;50,00;53,00;52,254;31737;1658369,25;116;
2017-06-01;52,25;52,50;52,25;53,00;52,00;52,50;52,138;72071;3757650,5;90;
2017-05-31;52,00;52,25;53,75;54,00;52,00;52,00;52,952;30233;1600890,5;137;
2017-05-30;52,00;52,50;52,75;53,00;51,75;52,50;52,42;10640;557752,25;79;
2017-05-29;52,75;53,00;52,50;53,50;52,50;52,75;53,053;10156;538809,88;72;
2017-05-26;52,50;53,00;53,00;54,00;52,00;52,50;52,938;16900;894649,25;99;
2017-05-24;53,00;53,50;53,50;53,50;52,50;53,50;53,281;22370;1191894,25;60;
2017-05-23;53,00;53,50;51,75;54,25;51,50;53,50;53,493;140109;7496125;321;
2017-05-22;51,50;51,75;51,50;51,75;50,75;51,75;51,377;32352;1662135,25;80;
2017-05-19;51,25;51,50;52,00;52,00;50,75;51,50;51,768;19113;989442,25;111;
2017-05-18;51,50;52,00;50,25;52,00;50,25;51,75;51,292;160263;8220638,75;381;
2017-05-17;48,70;49,20;49,60;49,60;48,70;48,70;49,384;78155;3859632,7;66;
2017-05-16;49,50;49,70;49,10;50,00;49,10;49,70;49,504;11622;575334,4;75;
2017-05-15;49,50;50,00;50,50;50,50;49,10;49,50;50,146;13815;692771,5;85;
2017-05-12;50,00;50,50;50,00;50,50;49,00;50,50;49,851;40852;2036520;106;
2017-05-11;50,00;50,50;50,00;50,00;48,50;50,00;49,51;20029;991579,8;113;
2017-05-10;49,80;49,90;48,30;49,90;48,30;49,90;49,084;10356;508311,3;108;
2017-05-09;48,30;48,40;48,10;49,00;48,10;48,30;48,542;22794;1106473,6;78;
2017-05-08;48,50;48,60;48,20;49,80;48,20;48,50;48,61;23766;1155266,3;139;
2017-05-05;50,25;50,50;49,00;50,50;49,00;50,50;49,753;34128;1697979,2;132;
2017-05-04;49,50;49,60;48,50;49,70;48,00;49,70;49,134;14752;724634,3;110;
2017-05-03;48,50;48,90;50,00;50,00;46,30;48,50;48,757;103339;5038530,7;239;
2017-05-02;50,00;50,25;50,25;50,50;50,00;50,00;50,229;18106;909444,75;112;
2017-04-28;50,25;50,50;50,50;50,50;50,25;50,50;50,45;48176;2430469,5;106;
2017-04-27;50,50;50,75;50,50;50,75;50,50;50,50;50,58;9709;491078,75;113;
2017-04-26;50,50;50,75;50,50;50,75;50,50;50,50;50,507;31352;1583506,25;102;
2017-04-25;50,50;50,75;50,50;50,75;50,50;50,75;50,503;23333;1178386,25;124;
2017-04-24;50,75;51,00;50,50;51,00;50,50;50,75;50,825;57979;2946770,25;188;
2017-04-21;51,00;51,25;50,50;51,25;50,50;51,00;50,738;112502;5708079;252;
2017-04-20;50,50;50,75;50,50;50,75;50,50;50,50;50,504;16340;825234,5;77;
2017-04-19;50,50;50,75;50,50;50,75;50,50;50,50;50,508;26547;1340824,75;108;
2017-04-18;50,50;51,00;50,50;50,75;50,50;50,50;50,584;89552;4529877,75;272;
2017-04-13;50,50;50,75;50,25;50,75;50,25;50,50;50,50;43119;2177518,25;96;
2017-04-12;50,25;50,50;50,50;50,75;50,00;50,50;50,499;176383;8907591,75;337;
2017-04-11;50,25;50,50;50,75;50,75;50,25;50,25;50,466;290207;14649991,53;411;
2017-04-10;50,50;50,75;51,00;52,00;50,50;50,75;51,272;110017;5640616,25;519;
2017-04-07;51,00;51,25;50,50;53,50;50,00;51,00;51,079;1713660;87526511,38;3187;
